
[2025-12-30 03:09:21] Session session_20251230_030921 started
[2025-12-30 03:09:21] Instructions: Keep doing this until 100% done or blocked:

Keep doing this until 100% done or blocked:

{
  "status": "success",
  "behavior": "code",
  "action": "validate",
  "data": {
    "instructions": {
      "action": "validate",
      "behavior": "code",
      "base_instructions": [
        "## Step 1: Scanner Violation Review",
        "",
        "{{scanner_output}}",
        "",
        "Carefully review all scanner-reported violations as follows:",
        "1. For each violation message, locate the corresponding element in the knowledge graph.",
        "2. Open the relevant rule file and read all DO and DON'T examples thoroughly.",
        "3. Decide if the violation is **Valid** (truly a rule breach per examples) or a **False Positive** (explain why if so).",
        "4. Determine the **Root Cause** (e.g., 'incorrect concept naming', 'missing actor', etc.).",
        "5. Assign a **Theme** grouping based on the type of issue (e.g., 'noun-only naming', 'incomplete acceptance criteria').",
        "6. Extract an **Example** from the actual code/content showing the problem.",
        "7. Suggest a clear, concrete **Fix** with a code example informed by DO examples in the rule.",
        "",
        "## Step 2: Manual Rule Review",
        "",
        "{{rules}}",
        "",
        "Scanner tools don't cover or catch every rule violation. Do a second pass:",
        "1. Carefully read each rule file, fully reviewing DO and DON'T sections, and every provided example.",
        "2. Inspect {scope} for compliance.",
        "3. Compare the properties and content of each element against the rule's requirements.",
        "4. Document any violations the scanner could not find.",
        "5. For each violation, extract an **Example** showing the problem and provide a **Fix** with code example.",
        "",
        "## Unified Violations Table",
        "",
        "Record ALL findings (scanner + manual) in this comprehensive table. Only include rows for actual violations found:",
        "",
        "| Theme | Rule | Location | Valid/FP | Source | Root Cause | Problem Example | Fix with Code Example |",
        "|-------|------|----------|----------|--------|------------|-----------------|----------------------|",
        "",
        "**Column Guide:**",
        "- **Theme**: Grouping category (e.g., 'naming violations', 'missing behavior', 'mechanism-oriented language')",
        "- **Rule**: Name of the rule being violated",
        "- **Location**: Path in knowledge graph (e.g., `epics[1].sub_epics[0].name`) or file path",
        "- **Valid/FP**: Valid if rule breach, False Positive if incorrectly flagged (explain why)",
        "- **Source**: Scanner (detected by automated scanner), Manual (found during AI review), Both (flagged by scanner AND confirmed by manual review)",
        "- **Root Cause**: Underlying reason for the violation",
        "- **Problem Example**: Actual code/text showing the issue (e.g., `\"Strategy Types\"`, `\"Create Mobs\"`)",
        "- **Fix with Code Example**: Corrected version (e.g., `\"Select Strategy\"`, `\"Assembles Combat Mob\"`)",
        "",
        "## Step 3: Summarize Findings & Recommendations",
        "",
        "Provide a concise summary:",
        "- Report how many **scanner violations** were valid vs false positives.",
        "- Enumerate any **additional manual findings** not caught by scanners.",
        "- Group all violations by recurring theme or pattern.",
        "- Split violations into **Priority Fixes** (must resolve before continuing) and **Optional Improvements**.",
        "",
        "Present your summary and await user confirmation before automatically applying or proposing corrections.",
        "\n=== SCANNER EXECUTION STATUS ===",
        "Successfully Executed: 30",
        "Load Failed: 0",
        "Execution Failed: 0",
        "No Scanner: 2",
        "",
        "All scanners executed successfully.",
        "=== END SCANNER STATUS ===\n",
        "Based on code scanner diagnostics, edit the knowledge graph to fix violations:",
        "Rule avoid_unnecessary_parameter_passing.json: 4 file-by-file, 0 cross-file violations",
        "Rule chain_dependencies_properly.json: 4 file-by-file, 0 cross-file violations",
        "Rule enforce_encapsulation.json: 1 file-by-file, 0 cross-file violations",
        "Rule keep_classes_small_with_single_responsibility.json: 1 file-by-file, 0 cross-file violations",
        "Rule keep_functions_small_focused.json: 1 file-by-file, 0 cross-file violations",
        "Rule maintain_vertical_density.json: 3 file-by-file, 0 cross-file violations",
        "Rule never_swallow_exceptions.json: 1 file-by-file, 0 cross-file violations",
        "Rule simplify_control_flow.json: 2 file-by-file, 0 cross-file violations",
        "Rule stop_writing_useless_comments.json: 14 file-by-file, 0 cross-file violations",
        "Rule use_domain_language.json: 35 file-by-file, 0 cross-file violations",
        "Review each violation and update the knowledge graph accordingly.",
        "\nValidation report: [docs\\stories\\reports\\code-validation-report-2025-12-30_03-09-17.md](vscode://file/C:/dev/augmented-teams/agile_bot/bots/base_bot/docs/stories/reports/code-validation-report-2025-12-30_03-09-17.md)"
      ],
      "validation_rules": [
        {
          "rule_file": "avoid_excessive_guards.json",
          "rule_content": {
            "description": "Excessive guard clauses add to cyclomatic complexity and make code harder to read. Centralize error handling in one place rather than scattering defensive checks throughout the code. Let code fail fast with clear errors rather than silently handling missing components.",
            "examples": [
              {
                "do": {
                  "description": "Centralize error handling and let code fail fast",
                  "content": [
                    "Assume components are properly initialized",
                    "Let exceptions propagate to centralized error handlers",
                    "Use type hints and contracts to document expectations",
                    "Fail fast with clear error messages",
                    "",
                    "Correct Examples (no excessive guards):",
                    "- Direct access: self.knowledge.instructions (assumes knowledge exists)",
                    "- Direct property: self.behavior.bot_paths (assumes behavior exists)",
                    "- Direct method call: file.read_text() (let it fail if file missing)",
                    "",
                    "Centralized Error Handling:",
                    "- Handle errors at boundaries (API endpoints, CLI entry points)",
                    "- Use decorators or middleware for common error handling",
                    "- Let exceptions bubble up to appropriate handler",
                    "- Document expected state in docstrings/type hints",
                    "",
                    "Fail Fast Principles:",
                    "- Remove defensive checks that hide problems",
                    "- Trust initialization and setup",
                    "- Use assertions for invariants in development",
                    "- Let type system catch errors where possible"
                  ]
                },
                "dont": {
                  "description": "Don't scatter defensive checks throughout code",
                  "content": [
                    "Don't check if every variable exists before using it",
                    "Don't use hasattr() checks everywhere",
                    "Don't check file.exists() before reading",
                    "Don't check isinstance() defensively",
                    "Don't check variable truthiness before every operation",
                    "",
                    "Wrong Examples (excessive guards):",
                    "- if self.knowledge and self.knowledge.instructions: (assume knowledge exists)",
                    "- if file.exists(): file.read() (let read fail if missing)",
                    "- if hasattr(obj, 'attr'): obj.attr (assume attr exists)",
                    "- if isinstance(obj, Type): obj.method() (trust type system)",
                    "- Multiple if checks in same function for None/existence",
                    "",
                    "Excessive Guard Indicators:",
                    "- Multiple if/None checks in same function",
                    "- hasattr() checks before attribute access",
                    "- File existence checks before file operations",
                    "- isinstance() checks used defensively (not for polymorphism)",
                    "- Variable truthiness checks before every operation",
                    "- Guard clauses that silently return None/empty",
                    "- Defensive checks that hide initialization problems",
                    "",
                    "Refactoring Strategies:",
                    "- Remove guards and let code fail fast",
                    "- Centralize error handling at boundaries",
                    "- Use type hints to document expectations",
                    "- Trust initialization and setup",
                    "- Move error handling to appropriate layer",
                    "- Use exceptions instead of silent failures"
                  ]
                }
              }
            ],
            "scanner": "agile_bot.bots.base_bot.src.scanners.excessive_guards_scanner.ExcessiveGuardsScanner"
          },
          "scanner_status": {
            "status": "EXECUTED",
            "scanner_path": "agile_bot.bots.base_bot.src.scanners.excessive_guards_scanner.ExcessiveGuardsScanner",
            "execution_status": "EXECUTION_SUCCESS",
            "violations_found": 0
          },
          "scanner_results": {
            "file_by_file": {
              "violations": []
            },
            "cross_file": {
              "violations": []
            }
          }
        },
        {
          "rule_file": "avoid_unnecessary_parameter_passing.json",
          "rule_content": {
            "description": "Don't pass parameters to internal methods when the value is already accessible through instance variables. Access instance properties directly instead of passing them around unnecessarily.",
            "examples": [
              {
                "do": {
                  "description": "Access instance properties directly in internal methods",
                  "content": [
                    "Use self.property_name directly in internal methods",
                    "Access instance variables through self",
                    "Only pass parameters when they're not available through self",
                    "",
                    "Correct Examples (direct access):",
                    "- self._load_render_instructions() instead of self._load_render_instructions(self.behavior.folder)",
                    "- self._find_render_folder() instead of self._find_render_folder(self.behavior.folder)",
                    "- Direct access: self.behavior.bot_paths instead of passing bot_paths parameter",
                    "",
                    "When Parameters Are Appropriate:",
                    "- External API methods that need explicit parameters",
                    "- Public methods that are part of the interface",
                    "- Methods that need different values than what's in self",
                    "- Methods that operate on passed-in data structures",
                    "",
                    "Internal Method Pattern:",
                    "- Private methods (_method_name) should use self directly",
                    "- Helper methods should access instance state through self",
                    "- Only pass parameters for values not in instance state"
                  ]
                },
                "dont": {
                  "description": "Don't pass instance properties as parameters to internal methods",
                  "content": [
                    "Don't pass self.property as parameter to internal method",
                    "Don't extract instance variable just to pass it to another method",
                    "Don't pass properties that are already accessible through self",
                    "",
                    "Wrong Examples (unnecessary passing):",
                    "- behavior_folder = self.behavior.folder; self._load(behavior_folder)",
                    "- bot_paths = self.behavior.bot_paths; self._process(bot_paths)",
                    "- working_dir = self.working_dir; self._do_something(working_dir)",
                    "",
                    "Unnecessary Parameter Passing Indicators:",
                    "- Variable extracted from self just before method call",
                    "- Parameter passed to method that could access self.property directly",
                    "- Internal method receives parameter that matches instance property",
                    "- Same value passed through multiple method calls",
                    "",
                    "Refactoring Strategies:",
                    "- Remove parameter from method signature",
                    "- Access property directly through self in method body",
                    "- Remove intermediate variable extraction",
                    "- Simplify method calls to not pass instance properties"
                  ]
                }
              }
            ],
            "scanner": "agile_bot.bots.base_bot.src.scanners.unnecessary_parameter_passing_scanner.UnnecessaryParameterPassingScanner"
          },
          "scanner_status": {
            "status": "EXECUTED",
            "scanner_path": "agile_bot.bots.base_bot.src.scanners.unnecessary_parameter_passing_scanner.UnnecessaryParameterPassingScanner",
            "execution_status": "EXECUTION_SUCCESS",
            "violations_found": 4
          },
          "scanner_results": {
            "file_by_file": {
              "violations": [
                {
                  "rule": "avoid_unnecessary_parameter_passing",
                  "rule_file": "avoid_unnecessary_parameter_passing.json",
                  "violation_message": "Internal method \"_run_with_streaming\" receives parameter \"timeout\" that matches instance attribute. Consider accessing via self.timeout instead.",
                  "severity": "warning",
                  "line_number": 129,
                  "location": "C:\\dev\\augmented-teams\\agile_bot\\bots\\base_bot\\src\\repl_cli\\headless\\cursor_api.py"
                },
                {
                  "rule": "avoid_unnecessary_parameter_passing",
                  "rule_file": "avoid_unnecessary_parameter_passing.json",
                  "violation_message": "Internal method \"_run_cursor_agent\" receives parameter \"timeout\" that matches instance attribute. Consider accessing via self.timeout instead.",
                  "severity": "warning",
                  "line_number": 269,
                  "location": "C:\\dev\\augmented-teams\\agile_bot\\bots\\base_bot\\src\\repl_cli\\headless\\cursor_api.py"
                },
                {
                  "rule": "avoid_unnecessary_parameter_passing",
                  "rule_file": "avoid_unnecessary_parameter_passing.json",
                  "violation_message": "Internal method \"_run_via_wsl\" receives parameter \"timeout\" that matches instance attribute. Consider accessing via self.timeout instead.",
                  "severity": "warning",
                  "line_number": 285,
                  "location": "C:\\dev\\augmented-teams\\agile_bot\\bots\\base_bot\\src\\repl_cli\\headless\\cursor_api.py"
                },
                {
                  "rule": "avoid_unnecessary_parameter_passing",
                  "rule_file": "avoid_unnecessary_parameter_passing.json",
                  "violation_message": "Internal method \"_run_directly\" receives parameter \"timeout\" that matches instance attribute. Consider accessing via self.timeout instead.",
                  "severity": "warning",
                  "line_number": 362,
                  "location": "C:\\dev\\augmented-teams\\agile_bot\\bots\\base_bot\\src\\repl_cli\\headless\\cursor_api.py"
                }
              ]
            },
            "cross_file": {
              "violations": []
            }
          }
        },
        {
          "rule_file": "chain_dependencies_properly.json",
          "rule_content": {
            "description": "CRITICAL: Code must chain dependencies properly with constructor injection. Map dependencies in a chain: highest-level object \u2192 collaborator \u2192 sub-collaborator. Inject collaborators at construction time so methods can use them without passing them as parameters. Access sub-collaborators through their owning objects.",
            "scanner": "agile_bot.bots.base_bot.src.scanners.dependency_chaining_code_scanner.DependencyChainingCodeScanner",
            "examples": [
              {
                "do": {
                  "description": "Chain dependencies properly with constructor injection",
                  "content": [
                    "Inject collaborators at construction time (__init__)",
                    "Methods use injected collaborators without re-passing them",
                    "Access sub-collaborators through owning objects",
                    "",
                    "Correct Examples (constructor injection):",
                    "class WealthAdvisor:",
                    "    def __init__(self, client: Client, investment_strategy: InvestmentStrategy):",
                    "        self.client = client  # injected at construction",
                    "        self.investment_strategy = investment_strategy",
                    "",
                    "    def create_portfolio(self) -> Portfolio:",
                    "        # Uses injected collaborators - dependencies shown here",
                    "        account_id = self.client.account_id",
                    "        risk_tolerance = self.get_risk_tolerance()",
                    "        return Portfolio(account_id, risk_tolerance)",
                    "",
                    "    def get_portfolio(self) -> Portfolio:",
                    "        # No dependencies needed - portfolio already created",
                    "        return self._portfolio",
                    "",
                    "    def get_risk_tolerance(self) -> RiskTolerance:",
                    "        # Gets strategy from client (client owns it)",
                    "        client_strategy = self.client.investment_strategy",
                    "        return self._calculate_risk_tolerance(",
                    "            self.client.risk_profile,",
                    "            client_strategy.risk_tolerance",
                    "        )"
                  ]
                },
                "dont": {
                  "description": "Don't skip levels or expose all dependencies in every method",
                  "content": [
                    "Don't skip levels in dependency chain",
                    "Don't list every dependency in every method signature",
                    "Don't access sub-collaborators directly when they belong to another object",
                    "",
                    "Wrong Examples (skipping levels):",
                    "class WealthAdvisor:",
                    "    def create_portfolio(self, account_id: AccountId, risk_tolerance: RiskTolerance,",
                    "                        asset_allocation: AssetAllocation):",
                    "        # Too many dependencies, skipping Client and InvestmentStrategy levels",
                    "        return Portfolio(account_id, risk_tolerance)",
                    "",
                    "Dependency Chain Violation Indicators (REFACTOR):",
                    "- Methods taking dependencies that should be accessed through owning objects",
                    "- Skipping levels in dependency chain (A \u2192 C instead of A \u2192 B \u2192 C)",
                    "- Every method listing all dependencies instead of using injected collaborators"
                  ]
                }
              }
            ]
          },
          "scanner_status": {
            "status": "EXECUTED",
            "scanner_path": "agile_bot.bots.base_bot.src.scanners.dependency_chaining_code_scanner.DependencyChainingCodeScanner",
            "execution_status": "EXECUTION_SUCCESS",
            "violations_found": 4
          },
          "scanner_results": {
            "file_by_file": {
              "violations": [
                {
                  "rule": "chain_dependencies_properly",
                  "rule_file": "chain_dependencies_properly.json",
                  "violation_message": "Method \"_run_with_streaming\" in class \"CursorHeadlessAPI\" takes parameter \"timeout\" that is already injected in __init__. Use self.timeout instead.\n\n```python\n            raise RecoverableError('cursor-agent timed out')\n    \n    def _run_with_streaming(self, cmd: List[str], timeout: int) -> subprocess.CompletedProcess:\n        \"\"\"Run command with real-time streaming output.\"\"\"\n        import time\n    # ... (truncated)\n```",
                  "severity": "warning",
                  "line_number": 129,
                  "location": "C:\\dev\\augmented-teams\\agile_bot\\bots\\base_bot\\src\\repl_cli\\headless\\cursor_api.py"
                },
                {
                  "rule": "chain_dependencies_properly",
                  "rule_file": "chain_dependencies_properly.json",
                  "violation_message": "Method \"_run_cursor_agent\" in class \"CursorHeadlessAPI\" takes parameter \"timeout\" that is already injected in __init__. Use self.timeout instead.\n\n```python\n                sys.stdout.flush()\n    \n    def _run_cursor_agent(self, prompt: str, timeout: int, resume_chat_id: Optional[str] = None) -> subprocess.CompletedProcess:\n        \"\"\"Run cursor-agent CLI command.\n        \n    # ... (truncated)\n```",
                  "severity": "warning",
                  "line_number": 269,
                  "location": "C:\\dev\\augmented-teams\\agile_bot\\bots\\base_bot\\src\\repl_cli\\headless\\cursor_api.py"
                },
                {
                  "rule": "chain_dependencies_properly",
                  "rule_file": "chain_dependencies_properly.json",
                  "violation_message": "Method \"_run_via_wsl\" in class \"CursorHeadlessAPI\" takes parameter \"timeout\" that is already injected in __init__. Use self.timeout instead.\n\n```python\n            return self._run_directly(prompt, timeout, resume_chat_id)\n    \n    def _run_via_wsl(self, prompt: str, timeout: int, resume_chat_id: Optional[str] = None) -> subprocess.CompletedProcess:\n        \"\"\"Run cursor-agent via WSL Ubuntu on Windows.\"\"\"\n        import tempfile\n    # ... (truncated)\n```",
                  "severity": "warning",
                  "line_number": 285,
                  "location": "C:\\dev\\augmented-teams\\agile_bot\\bots\\base_bot\\src\\repl_cli\\headless\\cursor_api.py"
                },
                {
                  "rule": "chain_dependencies_properly",
                  "rule_file": "chain_dependencies_properly.json",
                  "violation_message": "Method \"_run_directly\" in class \"CursorHeadlessAPI\" takes parameter \"timeout\" that is already injected in __init__. Use self.timeout instead.\n\n```python\n                    pass\n    \n    def _run_directly(self, prompt: str, timeout: int, resume_chat_id: Optional[str] = None) -> subprocess.CompletedProcess:\n        \"\"\"Run cursor-agent directly on Linux/Mac.\"\"\"\n        if self.stream:\n    # ... (truncated)\n```",
                  "severity": "warning",
                  "line_number": 362,
                  "location": "C:\\dev\\augmented-teams\\agile_bot\\bots\\base_bot\\src\\repl_cli\\headless\\cursor_api.py"
                }
              ]
            },
            "cross_file": {
              "violations": []
            }
          }
        },
        {
          "rule_file": "classify_exceptions_by_caller_needs.json",
          "rule_content": {
            "description": "Design exceptions based on how callers will handle them. Create exception types based on caller's needs, use special case objects for predictable failures, and wrap third-party exceptions at boundaries.",
            "examples": [
              {
                "do": {
                  "description": "Design exceptions based on how they will be handled",
                  "content": [
                    "Create exception types based on caller's needs",
                    "Use special case objects for predictable failures",
                    "Wrap third-party exceptions at boundaries",
                    "Group similar failures into single exception type if handled same way",
                    "",
                    "Correct Examples (caller-focused exceptions):",
                    "- NetworkException (caller: retry logic)",
                    "- ValidationException (caller: show form errors)",
                    "- AuthorizationException (caller: redirect to login)",
                    "- class NullUser extends User { ... } // special case object",
                    "",
                    "Exception Design Requirements:",
                    "- Exception type reflects how caller handles it",
                    "- Similar handling = same exception type",
                    "- Different handling = different exception type",
                    "- Wrap third-party exceptions to avoid leaking dependencies",
                    "- Use special case pattern for predictable null/empty cases"
                  ]
                },
                "dont": {
                  "description": "Don't create exception hierarchies by component only",
                  "content": [
                    "Don't create exception hierarchies by component/type only",
                    "Don't force callers to handle many similar exception types",
                    "Don't leak third-party exception types",
                    "",
                    "Wrong Examples (component-focused exceptions):",
                    "- DatabaseConnectionException, DatabaseQueryException, DatabaseUpdateException",
                    "  (if caller handles all same way, use single DatabaseException)",
                    "- Catching SQLException throughout codebase (leak third-party type)",
                    "- 20 different exception types caller must handle individually",
                    "",
                    "Poor Exception Design Indicators (REFACTOR):",
                    "- Exception hierarchy based on technical components",
                    "- Many exception types handled identically",
                    "- Third-party exceptions used directly in business logic",
                    "- Callers forced to catch many similar exceptions",
                    "",
                    "Refactoring Strategy:",
                    "- Group exceptions by how caller handles them",
                    "- Create wrapper exceptions at boundaries",
                    "- Use special case objects instead of null checks",
                    "- Reduce exception types caller must know about",
                    "",
                    "Example wrapper:",
                    "try {",
                    "  return thirdPartyLib.call();",
                    "} catch (ThirdPartyException e) {",
                    "  throw new OurDomainException(e);",
                    "}"
                  ]
                }
              }
            ],
            "scanner": "agile_bot.bots.base_bot.src.scanners.exception_classification_scanner.ExceptionClassificationScanner"
          },
          "scanner_status": {
            "status": "EXECUTED",
            "scanner_path": "agile_bot.bots.base_bot.src.scanners.exception_classification_scanner.ExceptionClassificationScanner",
            "execution_status": "EXECUTION_SUCCESS",
            "violations_found": 0
          },
          "scanner_results": {
            "file_by_file": {
              "violations": []
            },
            "cross_file": {
              "violations": []
            }
          }
        },
        {
          "rule_file": "delegate_to_lowest_level.json",
          "rule_content": {
            "description": "CRITICAL: Code must delegate responsibilities to the lowest-level object that can handle them. If a collection class can do something, delegate to it rather than implementing it in the parent.",
            "scanner": "agile_bot.bots.base_bot.src.scanners.delegation_code_scanner.DelegationCodeScanner",
            "examples": [
              {
                "do": {
                  "description": "Delegate to lowest-level objects",
                  "content": [
                    "Parent objects delegate to collection classes",
                    "Collection classes handle their own responsibilities directly",
                    "Methods take what they need directly, not through parent",
                    "",
                    "Correct Examples (delegation to lowest level):",
                    "class Bot:",
                    "    def __init__(self, name: str, workspace: Workspace):",
                    "        self.name = name",
                    "        self.workspace = workspace",
                    "        self.behaviors = Behaviors(self)  # injected",
                    "",
                    "    def find_behavior_by_name(self, name: str) -> Optional[Behavior]:",
                    "        # Delegates to Behaviors - the lowest level that can do this",
                    "        return self.behaviors.find_by_name(name)",
                    "",
                    "class Behaviors:",
                    "    def __init__(self, bot: Bot):",
                    "        self.bot = bot",
                    "",
                    "    def find_by_name(self, name: str) -> Optional[Behavior]:",
                    "        # Lowest level - does the actual finding",
                    "        # Takes name directly, not through bot",
                    "        return self._behaviors.get(name)"
                  ]
                },
                "dont": {
                  "description": "Don't implement responsibilities in parent when child can handle them",
                  "content": [
                    "Don't have parent objects doing what child objects should do",
                    "Don't create unnecessary delegation chains",
                    "",
                    "Wrong Examples (parent doing child's work):",
                    "class Bot:",
                    "    def find_behavior_by_name(self, name: str) -> Optional[Behavior]:",
                    "        # Bot doing what Behaviors should do",
                    "        for behavior in self.behaviors:",
                    "            if behavior.name == name:",
                    "                return behavior",
                    "        return None",
                    "",
                    "# BAD: Unnecessary delegation chain",
                    "class Bot:",
                    "    def find_behavior_by_name(self, name: str) -> Optional[Behavior]:",
                    "        return self.behaviors.find_behavior(name)  # Behaviors delegates again?",
                    "",
                    "class Behaviors:",
                    "    def find_behavior(self, name: str) -> Optional[Behavior]:",
                    "        return self.finder.find(name)  # Unnecessary extra level",
                    "",
                    "class BehaviorFinder:  # Unnecessary abstraction",
                    "    def find(self, name: str) -> Optional[Behavior]:",
                    "        pass",
                    "",
                    "Delegation Violation Indicators (REFACTOR):",
                    "- Parent objects implementing responsibilities that belong to child objects",
                    "- Unnecessary delegation chains (A delegates to B which delegates to C)",
                    "- Methods in parent that iterate through child collections instead of delegating"
                  ]
                }
              }
            ]
          },
          "scanner_status": {
            "status": "EXECUTED",
            "scanner_path": "agile_bot.bots.base_bot.src.scanners.delegation_code_scanner.DelegationCodeScanner",
            "execution_status": "EXECUTION_SUCCESS",
            "violations_found": 0
          },
          "scanner_results": {
            "file_by_file": {
              "violations": []
            },
            "cross_file": {
              "violations": []
            }
          }
        },
        {
          "rule_file": "detect_legacy_unused_code.json",
          "rule_content": {
            "description": "CRITICAL: Legacy code that is not used by any other code or front-end interfaces (CLI, MCP, web) should be removed. Unused code increases maintenance burden, creates confusion, and violates YAGNI (You Aren't Gonna Need It) principle.",
            "examples": [
              {
                "do": {
                  "description": "Remove unused code and keep codebase lean",
                  "content": [
                    "Delete classes/modules that are not imported anywhere",
                    "Remove functions/methods that are never called",
                    "Eliminate code not used by CLI, MCP, or other front-end interfaces",
                    "Keep only code that is actively used or referenced",
                    "",
                    "Correct Examples (clean codebase):",
                    "- All classes are imported and used by other modules",
                    "- All functions are called from somewhere in the codebase",
                    "- All modules are referenced by CLI, MCP, or test code",
                    "- No orphaned files or dead code paths",
                    "",
                    "Legacy Code Detection Requirements:",
                    "- Class/module must be imported by at least one other module",
                    "- Function/method must be called from production or test code",
                    "- Code must be accessible via CLI, MCP, or other front-end",
                    "- Test-only code must be in test directories and used by tests"
                  ]
                },
                "dont": {
                  "description": "Don't keep unused legacy code or orphaned modules",
                  "content": [
                    "Don't keep classes that are never imported",
                    "Don't maintain functions that are never called",
                    "Don't preserve modules not used by any front-end interface",
                    "Don't leave commented-out code 'for future use'",
                    "",
                    "Wrong Examples (legacy code):",
                    "class Router:",
                    "    def determine_next_action_from_state(self, state_file):",
                    "        # ... implementation ...",
                    "(class exists but never imported or used)",
                    "",
                    "def legacy_helper_function():",
                    "    # Old implementation",
                    "    pass",
                    "(function defined but never called)",
                    "",
                    "# Old router implementation - kept for reference",
                    "class OldRouter:",
                    "    ...",
                    "(commented or unused code kept 'just in case')",
                    "",
                    "Legacy Code Indicators (REMOVE):",
                    "- Class/module not imported by any other file",
                    "- Function/method never called (except test-only code)",
                    "- Code not accessible via CLI, MCP, or web interface",
                    "- Duplicate functionality replaced by newer implementation",
                    "- Test code for removed/deleted functionality",
                    "- Commented-out code blocks",
                    "",
                    "Detection Strategy:",
                    "- Scan all Python files for class/function definitions",
                    "- Check if each class/function is imported or called",
                    "- Verify code is accessible via front-end interfaces",
                    "- Flag orphaned code for removal",
                    "",
                    "Action Required:",
                    "- Remove unused classes/modules immediately",
                    "- Delete functions that are never called",
                    "- Clean up test code for removed functionality",
                    "- Use git history to retrieve deleted code if needed later",
                    "- Document removal in commit messages"
                  ]
                }
              }
            ]
          },
          "scanner_status": {
            "status": "NO_SCANNER",
            "scanner_path": null
          }
        },
        {
          "rule_file": "eliminate_duplication.json",
          "rule_content": {
            "description": "CRITICAL: Every piece of knowledge should have a single, authoritative representation (DRY principle). Extract repeated logic into reusable functions and use abstraction to capture common patterns.",
            "examples": [
              {
                "do": {
                  "description": "Eliminate duplication through abstraction and reuse",
                  "content": [
                    "Extract repeated logic into reusable functions",
                    "Use abstraction to capture common patterns",
                    "Apply DRY principle to both code and data",
                    "Create shared utilities for common operations",
                    "",
                    "Correct Examples (no duplication):",
                    "- Extract validation: validateUser(user) used everywhere",
                    "- Extract formatting: formatCurrency(amount) used everywhere",
                    "- Extract patterns: createResource(type, data) handles all resources",
                    "",
                    "DRY Requirements:",
                    "- Each concept has single source of truth",
                    "- Repeated logic extracted into functions",
                    "- Common patterns abstracted appropriately",
                    "- Configuration/data centralized, not duplicated",
                    "- Tests verify behavior, not implementation details",
                    "",
                    "Test Duplication Patterns to Extract:",
                    "- Repeated test setup \u2192 create fixtures/factories",
                    "- Common test assertions \u2192 create verification helpers (verify_*)",
                    "- Test data creation \u2192 create builders or test_helpers",
                    "- Workflow verification \u2192 create state helpers",
                    "- Example: verify_action_tracks_start(action, expected_state)"
                  ]
                },
                "dont": {
                  "description": "Don't copy-paste code or maintain multiple versions of same logic",
                  "content": [
                    "Don't copy-paste code blocks",
                    "Don't maintain multiple versions of same logic",
                    "Don't ignore structural duplication",
                    "",
                    "Wrong Examples (duplication):",
                    "- Same validation logic copied to 5 different functions",
                    "- Similar but slightly different functions (updateUser, updateAccount, updateProfile)",
                    "- Repeated patterns (createUser, createOrder, createProduct with identical structure)",
                    "",
                    "Duplication Indicators (REFACTOR):",
                    "- Copy-pasted code blocks",
                    "- Similar functions with minor variations",
                    "- Repeated patterns across multiple places",
                    "- Same business rules in multiple locations",
                    "- Identical error handling in many functions",
                    "- Repeated test setup across test files",
                    "- Same assertion patterns in multiple tests",
                    "",
                    "Refactoring Strategies:",
                    "- Extract common logic into shared functions",
                    "- Use parameters to handle variations",
                    "- Create base classes or mixins for shared behavior",
                    "- Use composition over duplication",
                    "- Centralize configuration and business rules",
                    "- For tests: Create test_helpers.py with verification functions",
                    "- For tests: Use fixtures for repeated setup",
                    "- For tests: Extract test data builders"
                  ]
                }
              }
            ],
            "scanner": "agile_bot.bots.base_bot.src.scanners.duplication_scanner.DuplicationScanner"
          },
          "scanner_status": {
            "status": "EXECUTED",
            "scanner_path": "agile_bot.bots.base_bot.src.scanners.duplication_scanner.DuplicationScanner",
            "execution_status": "EXECUTION_SUCCESS",
            "violations_found": 0
          },
          "scanner_results": {
            "file_by_file": {
              "violations": []
            },
            "cross_file": {
              "violations": []
            }
          }
        },
        {
          "rule_file": "enforce_encapsulation.json",
          "rule_content": {
            "description": "CRITICAL: Hide implementation details and expose minimal interface. Make fields private by default, expose behavior not data. NEVER pass raw dicts/lists that expose internal structure - use typed objects that encapsulate the data. Follow Law of Demeter (principle of least knowledge).",
            "examples": [
              {
                "do": {
                  "description": "Hide implementation details behind clean interfaces",
                  "content": [
                    "Make fields private by default",
                    "Expose behavior through methods, not raw data",
                    "Follow Law of Demeter (principle of least knowledge)",
                    "Provide minimal public interface",
                    "",
                    "Correct Examples (proper encapsulation):",
                    "class Order {",
                    "  private items: Item[];",
                    "  ",
                    "  addItem(item: Item) { ... }         // behavior",
                    "  removeItem(itemId: string) { ... }  // behavior",
                    "  calculateTotal(): number { ... }    // behavior",
                    "}",
                    "",
                    "Encapsulation Requirements:",
                    "- Private fields, public methods",
                    "- Methods expose behavior, not data",
                    "- No direct access to internal state",
                    "- Law of Demeter: only talk to immediate friends",
                    "- object.doSomething() not object.getPart().getPart().doSomething()"
                  ]
                },
                "dont": {
                  "description": "Don't use getters/setters as glorified public fields",
                  "content": [
                    "Don't use getters/setters as glorified public fields",
                    "Don't return references to mutable internal state",
                    "Don't chain method calls through multiple objects",
                    "",
                    "Wrong Examples (poor encapsulation):",
                    "class Order {",
                    "  getItems() { return this.items; }  // exposing mutable state",
                    "  setItems(items) { this.items = items; } // public field disguised",
                    "}",
                    "- customer.getOrder().getItems().add(item) // Law of Demeter violation",
                    "",
                    "Poor Encapsulation Indicators (REFACTOR):",
                    "- Getters/setters for every field (just use public fields)",
                    "- Returning mutable collections/objects",
                    "- Method chaining through internal structure",
                    "- Clients manipulating object internals",
                    "",
                    "Refactoring to Better Encapsulation:",
                    "- Instead of getItems(), provide addItem(), removeItem()",
                    "- Instead of getTotal(), calculate internally when needed",
                    "- Instead of customer.getOrder().addItem(), use customer.addItemToOrder()",
                    "- Return defensive copies if must return collections",
                    "- Focus on BEHAVIOR not data access"
                  ]
                }
              }
            ],
            "scanner": "agile_bot.bots.base_bot.src.scanners.encapsulation_scanner.EncapsulationScanner"
          },
          "scanner_status": {
            "status": "EXECUTED",
            "scanner_path": "agile_bot.bots.base_bot.src.scanners.encapsulation_scanner.EncapsulationScanner",
            "execution_status": "EXECUTION_SUCCESS",
            "violations_found": 1
          },
          "scanner_results": {
            "file_by_file": {
              "violations": [
                {
                  "rule": "enforce_encapsulation",
                  "rule_file": "enforce_encapsulation.json",
                  "violation_message": "Method \"_run_via_wsl\" in class \"CursorHeadlessAPI\" has Law of Demeter violation (method chain depth 3) - encapsulate access to related objects",
                  "severity": "warning",
                  "line_number": 298,
                  "location": "C:\\dev\\augmented-teams\\agile_bot\\bots\\base_bot\\src\\repl_cli\\headless\\cursor_api.py"
                }
              ]
            },
            "cross_file": {
              "violations": []
            }
          }
        },
        {
          "rule_file": "favor_code_representation.json",
          "rule_content": {
            "description": "CRITICAL: Code should represent domain concepts directly. Domain models should match code. If code doesn't match domain concepts, refactor the code rather than creating abstract domain models.",
            "scanner": "agile_bot.bots.base_bot.src.scanners.code_representation_code_scanner.CodeRepresentationCodeScanner",
            "examples": [
              {
                "do": {
                  "description": "Code should represent domain concepts directly",
                  "content": [
                    "Code should match domain model",
                    "Classes should represent domain concepts",
                    "If code doesn't match domain, refactor the code",
                    "",
                    "Correct Examples (code-aligned with domain):",
                    "class PortfolioAnalysis:",
                    "    def __init__(self, portfolio: Portfolio):",
                    "        self.portfolio = portfolio",
                    "",
                    "    def analyze_portfolio(self) -> AnalysisReport:",
                    "        # Code matches domain model",
                    "        return AnalysisReport(self)",
                    "",
                    "class AnalysisReport:",
                    "    def __init__(self, analysis: PortfolioAnalysis):",
                    "        self.analysis = analysis",
                    "",
                    "    @property",
                    "    def recommendations(self) -> Recommendations:",
                    "        # Property matches domain model",
                    "        return self._generate_recommendations()"
                  ]
                },
                "dont": {
                  "description": "Don't create abstract code that doesn't match domain",
                  "content": [
                    "Don't create classes that don't represent domain concepts",
                    "Don't separate code from domain model",
                    "",
                    "Wrong Examples (abstract code):",
                    "class PortfolioAnalysis:",
                    "    # Domain model says 'Analyze portfolio' but code doesn't exist",
                    "    # This is abstract code, not representing actual domain",
                    "    pass",
                    "",
                    "Abstract Code Indicators (REFACTOR):",
                    "- Classes that don't exist in domain model",
                    "- Methods that are abstract concepts without domain representation",
                    "- Code that describes ideal state rather than actual domain"
                  ]
                }
              }
            ]
          },
          "scanner_status": {
            "status": "EXECUTED",
            "scanner_path": "agile_bot.bots.base_bot.src.scanners.code_representation_code_scanner.CodeRepresentationCodeScanner",
            "execution_status": "EXECUTION_SUCCESS",
            "violations_found": 0
          },
          "scanner_results": {
            "file_by_file": {
              "violations": []
            },
            "cross_file": {
              "violations": []
            }
          }
        },
        {
          "rule_file": "group_by_domain.json",
          "rule_content": {
            "description": "CRITICAL: Code must be organized by domain area and relationships, not by technical layers, object types, or architectural concerns.",
            "scanner": "agile_bot.bots.base_bot.src.scanners.domain_grouping_code_scanner.DomainGroupingCodeScanner",
            "examples": [
              {
                "do": {
                  "description": "Organize code by domain area",
                  "content": [
                    "Group related classes together by domain area",
                    "Keep domain concepts in same module regardless of technical layer",
                    "Use domain-based package/module structure",
                    "",
                    "Correct Examples (grouped by domain):",
                    "# wealth_management/",
                    "#   wealth_advisor.py",
                    "#   client.py",
                    "#   portfolio.py",
                    "",
                    "# investment_planning/",
                    "#   rebalance_action.py",
                    "#   rebalance_recommendation.py"
                  ]
                },
                "dont": {
                  "description": "Don't organize by technical layers or object types",
                  "content": [
                    "Don't group by technical layers (presentation, business, data)",
                    "Don't group by object types (DTOs, services, repositories)",
                    "Don't group by architectural concerns",
                    "",
                    "Wrong Examples (grouped by technical layers):",
                    "# presentation/",
                    "#   portfolio_report.py",
                    "",
                    "# business/",
                    "#   wealth_advisor.py",
                    "",
                    "# data/",
                    "#   portfolio_repository.py",
                    "",
                    "Technical Grouping Indicators (REFACTOR):",
                    "- Packages/modules named 'layer', 'tier', 'service', 'repository', 'dto'",
                    "- Grouping by technical concerns instead of domain relationships",
                    "- Separating domain concepts by architectural layers"
                  ]
                }
              }
            ]
          },
          "scanner_status": {
            "status": "EXECUTED",
            "scanner_path": "agile_bot.bots.base_bot.src.scanners.domain_grouping_code_scanner.DomainGroupingCodeScanner",
            "execution_status": "EXECUTION_SUCCESS",
            "violations_found": 0
          },
          "scanner_results": {
            "file_by_file": {
              "violations": []
            },
            "cross_file": {
              "violations": []
            }
          }
        },
        {
          "rule_file": "hide_business_logic_behind_properties.json",
          "rule_content": {
            "description": "CRITICAL: Hide business logic behind properties. Properties hide logic that occurs\u2014it may be computed on-demand, cached, pre-computed, or loaded from storage. The caller shouldn't know or care when the values are calculated / determined.",
            "scanner": "agile_bot.bots.base_bot.src.scanners.calculation_timing_code_scanner.CalculationTimingCodeScanner",
            "examples": [
              {
                "do": {
                  "description": "Hide business logic behind properties",
                  "content": [
                    "Use @property for computed values",
                    "Properties hide when calculations occur (on-demand, cached, pre-computed)",
                    "Callers shouldn't know when value was calculated",
                    "",
                    "Correct Examples (logic hidden):",
                    "class Portfolio:",
                    "    @property",
                    "    def total_value(self) -> Money:",
                    "        # Could be computed on-demand, cached, pre-computed, or loaded from DB",
                    "        # Caller doesn't know or care when it was calculated",
                    "        if not hasattr(self, '_total_value'):",
                    "            self._total_value = sum(",
                    "                position.market_value",
                    "                for position in self.holdings.get_many_positions()",
                    "            )",
                    "        return self._total_value",
                    "",
                    "    # OR it could be pre-computed and stored:",
                    "    # @property",
                    "    # def total_value(self) -> Money:",
                    "    #     return self._cached_total_value  # Calculated two weeks ago? Caller doesn't know"
                  ]
                },
                "dont": {
                  "description": "Don't expose business logic in method names",
                  "content": [
                    "Don't use method names like 'calculate_X', 'compute_X'",
                    "Don't use 'get_cached_X', 'get_precomputed_X'",
                    "Don't reveal when or how calculations happen",
                    "",
                    "Wrong Examples (logic exposed):",
                    "class Portfolio:",
                    "    def calculate_total_value(self, holdings: List[Position]) -> Money:",
                    "        # Name reveals it's calculated NOW",
                    "        return sum(position.market_value for position in holdings)",
                    "",
                    "    def get_cached_total_value(self) -> Money:",
                    "        # Name reveals it's cached (timing exposed)",
                    "        return self._cached_value",
                    "",
                    "Logic Exposure Indicators (REFACTOR):",
                    "- Methods starting with 'calculate', 'compute', 'derive'",
                    "- Methods mentioning 'cached', 'pre-computed', 'on-demand' in name",
                    "- Methods that reveal implementation timing"
                  ]
                }
              }
            ]
          },
          "scanner_status": {
            "status": "EXECUTED",
            "scanner_path": "agile_bot.bots.base_bot.src.scanners.calculation_timing_code_scanner.CalculationTimingCodeScanner",
            "execution_status": "EXECUTION_SUCCESS",
            "violations_found": 0
          },
          "scanner_results": {
            "file_by_file": {
              "violations": []
            },
            "cross_file": {
              "violations": []
            }
          }
        },
        {
          "rule_file": "hide_calculation_timing.json",
          "rule_content": {
            "description": "CRITICAL: Code must hide calculations. Properties hide logic that occurs\u2014it may be computed on-demand, cached, pre-computed, or loaded from storage. The caller shouldn't know or care when the values are calculated / determined.",
            "scanner": "agile_bot.bots.base_bot.src.scanners.calculation_timing_code_scanner.CalculationTimingCodeScanner",
            "examples": [
              {
                "do": {
                  "description": "Hide the inner workings of business logic and functions",
                  "content": [
                    "Expose only what the caller needs to know; hide internal business logic details",
                    "Keep interfaces simple and focused on business concepts, not implementation details",
                    "Callers should not know or care how results are produced, only that they are correct",
                    "",
                    "Correct Examples (logic hidden):",
                    "class OrderService:",
                    "    def approve(self, user: User) -> ApprovalResult:",
                    "        # Logic for validation, third-party checks, notifications are all hidden from caller",
                    "        # Caller only cares about result, not how it is produced",
                    "        ...",
                    "",
                    "class ShoppingCart:",
                    "    def total(self) -> Money:",
                    "        # Returns total cost; discounts, taxes, and special offers are handled internally",
                    "        ...",
                    "",
                    "# External API hides if value is loaded, fetched, calculated, etc.",
                    "order_service.status  # May involve complex rule checks or state machines, but all hidden"
                  ]
                },
                "dont": {
                  "description": "Don't reveal business logic, strategies, or implementation decisions in public methods",
                  "content": [
                    "Don't use method names or signatures that describe how results are produced (e.g., 'validate_and_apply_discounts()', 'fetch_and_cache_data()')",
                    "Don't leak the steps or strategies used within your public interface",
                    "Don't require the caller to understand internal processes or logic branches",
                    "",
                    "Wrong Examples (logic exposed):",
                    "class ShoppingCart:",
                    "    def calculate_total_with_discounts_and_tax(self) -> Money:",
                    "        # Caller is aware of and must think about how the value is arrived at",
                    "        ...",
                    "",
                    "class UserAccount:",
                    "    def fetch_and_merge_external_profiles(self):",
                    "        # Implementation strategy exposed to caller",
                    "        ...",
                    "",
                    "Logic Exposure Indicators (REFACTOR):",
                    "- Methods naming specific logic or strategies ('validate_and_x', 'process_then_y', 'with_cache')",
                    "- Interfaces that require caller to invoke internal workflow steps directly",
                    "- Public methods or attributes reflecting the order of internal operations"
                  ]
                }
              }
            ]
          },
          "scanner_status": {
            "status": "EXECUTED",
            "scanner_path": "agile_bot.bots.base_bot.src.scanners.calculation_timing_code_scanner.CalculationTimingCodeScanner",
            "execution_status": "EXECUTION_SUCCESS",
            "violations_found": 0
          },
          "scanner_results": {
            "file_by_file": {
              "violations": []
            },
            "cross_file": {
              "violations": []
            }
          }
        },
        {
          "rule_file": "keep_classes_small_with_single_responsibility.json",
          "rule_content": {
            "description": "CRITICAL: Classes should be small (under 200-300 lines) with a single responsibility. Keep classes cohesive (methods/data interdependent), eliminate dead code, and favor many small focused classes over few large ones.",
            "examples": [
              {
                "do": {
                  "description": "Keep classes small and focused on single responsibility",
                  "content": [
                    "Keep classes under 200-300 lines",
                    "Keep classes cohesive (methods use shared instance variables)",
                    "Each class has ONE reason to change",
                    "Eliminate dead/unused code",
                    "Favor many small classes over few large ones",
                    "",
                    "Correct Examples (small, focused classes):",
                    "- class OrderValidator { validate(order) {...} }",
                    "- class OrderRepository { save(order) {...} find(id) {...} }",
                    "- class OrderCalculator { calculateTotal(order) {...} }",
                    "",
                    "Small + Single Responsibility Benefits:",
                    "- Easier to understand and maintain",
                    "- Easier to test in isolation",
                    "- High cohesion: methods share instance variables",
                    "- Clear, focused class name",
                    "- One reason to change"
                  ]
                },
                "dont": {
                  "description": "Don't create large god objects with multiple responsibilities",
                  "content": [
                    "Don't create 'god objects' doing everything",
                    "Don't let classes grow beyond 200-300 lines",
                    "Don't mix unrelated responsibilities",
                    "Don't keep commented-out code",
                    "",
                    "Wrong Examples (too large or multiple responsibilities):",
                    "class OrderManager {",
                    "  validate() {...}        // validation responsibility",
                    "  calculateTotal() {...}  // calculation responsibility",
                    "  save() {...}           // persistence responsibility",
                    "  sendEmail() {...}      // notification responsibility",
                    "}",
                    "",
                    "Refactoring Indicators:",
                    "- Class exceeds 200-300 lines",
                    "- Class name with 'Manager', 'Handler', 'Util', 'Helper'",
                    "- Low cohesion: methods use different subsets of instance variables",
                    "- Class changes for multiple reasons",
                    "- Many methods (15+) doing unrelated things",
                    "",
                    "Refactoring Strategy:",
                    "- Extract each responsibility into separate class",
                    "- Prefer 5 classes of 100 lines over 1 class of 500 lines",
                    "- Use composition to combine small classes"
                  ]
                }
              }
            ],
            "scanner": "agile_bot.bots.base_bot.src.scanners.class_size_scanner.ClassSizeScanner"
          },
          "scanner_status": {
            "status": "EXECUTED",
            "scanner_path": "agile_bot.bots.base_bot.src.scanners.class_size_scanner.ClassSizeScanner",
            "execution_status": "EXECUTION_SUCCESS",
            "violations_found": 1
          },
          "scanner_results": {
            "file_by_file": {
              "violations": [
                {
                  "rule": "keep_classes_small_with_single_responsibility",
                  "rule_file": "keep_classes_small_with_single_responsibility.json",
                  "violation_message": "Class \"CursorHeadlessAPI\" is 433 lines - should be under 300 lines (extract related methods into separate classes)\n\n```python\n\n\nclass CursorHeadlessAPI:\n    \"\"\"Executes instructions via cursor-agent CLI command.\n    \n    Uses --print flag for non-interactive/headless execution.\n    On Windows, runs cursor-agent through WSL Ubuntu.\n    \"\"\"\n    \n    def __init__(self, api_key: str = None, model: str = None, timeout: int = 600, workspace_path: Optional[Path] = None, stream: bool = True):\n    # ... (truncated)\n```",
                  "severity": "warning",
                  "line_number": 30,
                  "location": "C:\\dev\\augmented-teams\\agile_bot\\bots\\base_bot\\src\\repl_cli\\headless\\cursor_api.py"
                }
              ]
            },
            "cross_file": {
              "violations": []
            }
          }
        },
        {
          "rule_file": "keep_functions_single_responsibility.json",
          "rule_content": {
            "description": "CRITICAL: Functions should do one thing and do it well, with no hidden side effects. Each function must have a single, well-defined responsibility.",
            "examples": [
              {
                "do": {
                  "description": "Keep functions focused on a single task",
                  "content": [
                    "Functions should do one thing and do it well",
                    "Extract multiple concerns into separate functions",
                    "Name functions to reveal their complete behavior",
                    "Make side effects explicit in function names",
                    "",
                    "Correct Examples (single responsibility):",
                    "- Function validates input \u2192 separate from function that processes it",
                    "- Function calculates result \u2192 separate from function that logs/saves it",
                    "- Function reads data \u2192 separate from function that transforms it",
                    "",
                    "Single Responsibility Requirements:",
                    "- Function performs ONE clear operation",
                    "- All code in function serves same purpose",
                    "- Function name clearly describes its complete behavior",
                    "- No hidden side effects (logging, I/O, mutations)"
                  ]
                },
                "dont": {
                  "description": "Don't mix business logic with side effects or multiple operations",
                  "content": [
                    "Don't mix business logic with side effects (logging, I/O, mutations)",
                    "Don't create functions that perform multiple unrelated operations",
                    "Don't hide side effects in function implementations",
                    "",
                    "Wrong Examples (multiple responsibilities):",
                    "- Function that validates AND saves data (split into validate() and save())",
                    "- Function that calculates AND logs result (split into calculate() and log())",
                    "- Function that reads AND transforms data (split into read() and transform())",
                    "",
                    "Multiple Responsibility Indicators (REFACTOR):",
                    "- Function has AND in its name (calculateAndSave, validateAndProcess)",
                    "- Function performs I/O while doing calculations",
                    "- Function modifies state while returning values",
                    "- Function mixes different abstraction levels",
                    "",
                    "Instead, ask:",
                    "- Does this function do ONE thing?",
                    "- Are there hidden side effects?",
                    "- Can I split this into smaller, focused functions?",
                    "- Does the function name reveal ALL its behavior?"
                  ]
                }
              }
            ],
            "scanner": "agile_bot.bots.base_bot.src.scanners.single_responsibility_scanner.SingleResponsibilityScanner"
          },
          "scanner_status": {
            "status": "EXECUTED",
            "scanner_path": "agile_bot.bots.base_bot.src.scanners.single_responsibility_scanner.SingleResponsibilityScanner",
            "execution_status": "EXECUTION_SUCCESS",
            "violations_found": 0
          },
          "scanner_results": {
            "file_by_file": {
              "violations": []
            },
            "cross_file": {
              "violations": []
            }
          }
        },
        {
          "rule_file": "keep_functions_small_focused.json",
          "rule_content": {
            "description": "Functions should be small enough to understand at a glance. Keep functions under 20 lines when possible and extract complex logic into named helper functions.",
            "examples": [
              {
                "do": {
                  "description": "Keep functions small and focused",
                  "content": [
                    "Keep functions under 20 lines when possible",
                    "Extract complex logic into named helper functions",
                    "Use descriptive names that eliminate need for comments",
                    "Make each function a single abstraction level",
                    "",
                    "Correct Examples (small and focused):",
                    "- Small function calls 3-4 well-named helper functions",
                    "- Complex calculation split into named steps",
                    "- Nested logic extracted to separate functions",
                    "",
                    "Small Function Benefits:",
                    "- Easy to understand at a glance",
                    "- Easy to test in isolation",
                    "- Easy to reuse in other contexts",
                    "- Easy to name clearly",
                    "- Reduces cognitive load"
                  ]
                },
                "dont": {
                  "description": "Don't create large, monolithic functions",
                  "content": [
                    "Don't create large, monolithic functions",
                    "Don't mix abstraction levels within a single function",
                    "Don't keep dead (unused) functions in the codebase",
                    "",
                    "Wrong Examples (too large):",
                    "- 100-line function doing multiple operations",
                    "- Function mixing high-level logic with low-level details",
                    "- Function with multiple nested loops and conditionals",
                    "",
                    "Large Function Indicators (REFACTOR):",
                    "- Function exceeds 20-30 lines",
                    "- Function has deeply nested blocks (3+ levels)",
                    "- Function mixes abstraction levels",
                    "- Function needs comments to explain sections",
                    "- Function is hard to name clearly",
                    "",
                    "Refactoring Strategy:",
                    "- Extract each logical section into named function",
                    "- Use guard clauses to reduce nesting",
                    "- Create helper functions for complex conditions",
                    "- Separate high-level orchestration from low-level details"
                  ]
                }
              }
            ],
            "scanner": "agile_bot.bots.base_bot.src.scanners.function_size_scanner.FunctionSizeScanner"
          },
          "scanner_status": {
            "status": "EXECUTED",
            "scanner_path": "agile_bot.bots.base_bot.src.scanners.function_size_scanner.FunctionSizeScanner",
            "execution_status": "EXECUTION_SUCCESS",
            "violations_found": 1
          },
          "scanner_results": {
            "file_by_file": {
              "violations": [
                {
                  "rule": "keep_functions_small_focused",
                  "rule_file": "keep_functions_small_focused.json",
                  "violation_message": "Function \"starts_session\" is 38 lines - should be under 20 lines (extract complex logic to helper functions)\n\n```python\n        return self._chat_id\n    \n    def starts_session(self, instructions: str) -> APIResponse:\n        \"\"\"Start a headless session by running cursor-agent with the instructions.\"\"\"\n        import uuid\n        self._session_id = str(uuid.uuid4())[:8]\n        \n        print(f\"[DEBUG] starts_session called, about to run cursor-agent\")\n        sys.stdout.flush()\n        \n        try:\n            result = self._run_cursor_agent(instructions, timeout=self.timeout)\n            \n            print(f\"[DEBUG] cursor-agent finished with returncode: {result.returncode}\")\n            sys.stdout.flush()\n            \n            if result.returncode != 0:\n                error_msg = result.stderr.strip() if result.stderr else result.stdout.strip() or 'Unknown error'\n                \n                # Check for common errors\n                if 'not found' in error_msg.lower() or 'not recognized' in error_msg.lower():\n                    raise NonRecoverableError(\n                        'cursor-agent not found. On Windows, install via WSL: '\n                        'wsl -d Ubuntu -e bash -c \"curl https://cursor.com/install -fsS | bash\"'\n                    )\n                if 'unauthorized' in error_msg.lower() or 'authentication' in error_msg.lower():\n                    raise NonRecoverableError(f'Authentication failed: {error_msg}')\n                if 'rate limit' in error_msg.lower():\n                    raise RecoverableError(f'Rate limited: {error_msg}')\n                    \n                raise RecoverableError(f'cursor-agent failed (exit {result.returncode}): {error_msg}')\n            \n            self._last_output = result.stdout\n            response = self._parse_cursor_output(result.stdout)\n            \n            print(f\"[DEBUG] _parse_cursor_output returned done={response.done}\")\n            sys.stdout.flush()\n            \n            # Extract chatId from response for session resumption\n            # cursor-agent should return chatId in the response\n            if response.session_id:\n                self._chat_id = response.session_id\n            \n            return response\n            \n        except FileNotFoundError as e:\n            raise NonRecoverableError(\n                f'cursor-agent command not found: {e}. '\n                'On Windows, install via WSL: wsl -d Ubuntu -e bash -c \"curl https://cursor.com/install -fsS | bash\"'\n            )\n    # ... (truncated)\n```",
                  "severity": "warning",
                  "line_number": 57,
                  "location": "C:\\dev\\augmented-teams\\agile_bot\\bots\\base_bot\\src\\repl_cli\\headless\\cursor_api.py"
                }
              ]
            },
            "cross_file": {
              "violations": []
            }
          }
        },
        {
          "rule_file": "maintain_vertical_density.json",
          "rule_content": {
            "description": "Related code should be visually close. Group related concepts together, declare variables close to usage, and keep files under 500 lines when possible.",
            "examples": [
              {
                "do": {
                  "description": "Keep related code close together",
                  "content": [
                    "Group related concepts together",
                    "Declare variables close to usage",
                    "Keep files under 500 lines when possible",
                    "Use vertical spacing to separate concepts",
                    "",
                    "Correct Examples (good vertical density):",
                    "function processOrder(order) {",
                    "  const items = order.items;           // declare near use",
                    "  const itemTotal = calculateTotal(items);",
                    "  ",
                    "  const discount = order.discount;     // declare near use",
                    "  const discountAmount = calculateDiscount(discount, itemTotal);",
                    "  ",
                    "  return itemTotal - discountAmount;",
                    "}",
                    "",
                    "Vertical Density Requirements:",
                    "- Related lines close together",
                    "- Variables declared near first use",
                    "- Blank lines separate different concepts",
                    "- Functions called near their definitions",
                    "- Caller above callee (newspaper metaphor)"
                  ]
                },
                "dont": {
                  "description": "Don't separate related code or declare variables far from usage",
                  "content": [
                    "Don't separate related code with blank lines",
                    "Don't put variables far from their usage",
                    "Don't create excessively long files",
                    "",
                    "Wrong Examples (poor vertical density):",
                    "function processOrder(order) {",
                    "  const items = order.items;",
                    "  const discount = order.discount;",
                    "  const shipping = order.shipping;",
                    "  const tax = order.tax;",
                    "  // 50 lines later...",
                    "  const itemTotal = calculateTotal(items);",
                    "}",
                    "",
                    "Poor Vertical Density Indicators (REFACTOR):",
                    "- Variables declared at top, used 100 lines later",
                    "- Blank lines between tightly related statements",
                    "- Files exceeding 500-1000 lines",
                    "- Related functions scattered throughout file",
                    "- Caller far below callee",
                    "",
                    "Refactoring Strategy:",
                    "- Move variable declarations near first use",
                    "- Remove unnecessary blank lines",
                    "- Split large files into smaller modules",
                    "- Place related functions adjacent",
                    "- Order functions: caller above callee"
                  ]
                }
              }
            ],
            "scanner": "agile_bot.bots.base_bot.src.scanners.vertical_density_scanner.VerticalDensityScanner"
          },
          "scanner_status": {
            "status": "EXECUTED",
            "scanner_path": "agile_bot.bots.base_bot.src.scanners.vertical_density_scanner.VerticalDensityScanner",
            "execution_status": "EXECUTION_SUCCESS",
            "violations_found": 3
          },
          "scanner_results": {
            "file_by_file": {
              "violations": [
                {
                  "rule": "maintain_vertical_density",
                  "rule_file": "maintain_vertical_density.json",
                  "violation_message": "Function \"_run_with_streaming\" is 63 lines - consider improving vertical density by declaring variables near usage\n\n```python\n            raise RecoverableError('cursor-agent timed out')\n    \n    def _run_with_streaming(self, cmd: List[str], timeout: int) -> subprocess.CompletedProcess:\n        \"\"\"Run command with real-time streaming output.\"\"\"\n        import time\n        \n        process = subprocess.Popen(\n            cmd,\n            stdout=subprocess.PIPE,\n            stderr=subprocess.PIPE,\n    # ... (truncated)\n```",
                  "severity": "info",
                  "line_number": 129,
                  "location": "C:\\dev\\augmented-teams\\agile_bot\\bots\\base_bot\\src\\repl_cli\\headless\\cursor_api.py"
                },
                {
                  "rule": "maintain_vertical_density",
                  "rule_file": "maintain_vertical_density.json",
                  "violation_message": "Function \"_print_cleaned_stream_line\" is 75 lines - consider improving vertical density by declaring variables near usage\n\n```python\n            raise e\n    \n    def _print_cleaned_stream_line(self, line: str):\n        \"\"\"Parse JSON stream line and print only meaningful content.\"\"\"\n        line = line.strip()\n        if not line:\n            return\n        \n        try:\n            data = json.loads(line)\n    # ... (truncated)\n```",
                  "severity": "info",
                  "line_number": 193,
                  "location": "C:\\dev\\augmented-teams\\agile_bot\\bots\\base_bot\\src\\repl_cli\\headless\\cursor_api.py"
                },
                {
                  "rule": "maintain_vertical_density",
                  "rule_file": "maintain_vertical_density.json",
                  "violation_message": "Function \"_run_via_wsl\" is 76 lines - consider improving vertical density by declaring variables near usage\n\n```python\n            return self._run_directly(prompt, timeout, resume_chat_id)\n    \n    def _run_via_wsl(self, prompt: str, timeout: int, resume_chat_id: Optional[str] = None) -> subprocess.CompletedProcess:\n        \"\"\"Run cursor-agent via WSL Ubuntu on Windows.\"\"\"\n        import tempfile\n        \n        # For very long prompts (> 4000 chars), write to temp file to avoid Windows command line length limits\n        temp_file_path = None\n        if len(prompt) > 4000:\n            # Create temp file\n    # ... (truncated)\n```",
                  "severity": "info",
                  "line_number": 285,
                  "location": "C:\\dev\\augmented-teams\\agile_bot\\bots\\base_bot\\src\\repl_cli\\headless\\cursor_api.py"
                }
              ]
            },
            "cross_file": {
              "violations": []
            }
          }
        },
        {
          "rule_file": "never_swallow_exceptions.json",
          "rule_content": {
            "description": "CRITICAL: Never swallow exceptions silently. Empty catch blocks hide failures and make debugging impossible. Always log, handle, or rethrow exceptions with context.",
            "examples": [
              {
                "do": {
                  "description": "Always handle exceptions properly - log, rethrow, or take corrective action",
                  "content": [
                    "Always handle exceptions - never ignore them",
                    "Log exceptions with full context before recovering",
                    "Rethrow exceptions if you can't handle them properly",
                    "Wrap and rethrow with additional context",
                    "Take corrective action if you can recover",
                    "",
                    "Correct Examples (proper exception handling):",
                    "- try { risky_operation() } except Exception as e: logger.error(f'Operation failed: {e}', exc_info=True); raise",
                    "- try { process() } catch (e) { console.error('Process failed:', e); throw e; }",
                    "- try { save() } catch (e) { logger.error('Save failed:', e); return fallback_value; }",
                    "- try { connect() } catch (ConnectionError as e) { logger.warning('Retry attempt', e); retry(); }",
                    "",
                    "Exception Handling Best Practices:",
                    "- ALWAYS log the exception with full stack trace",
                    "- Include context: what operation failed, relevant IDs/data",
                    "- Rethrow if you can't handle it properly",
                    "- Use finally blocks for cleanup (close files, connections)",
                    "- Document why you're catching and what recovery is",
                    "- Preserve original exception when wrapping",
                    "",
                    "When to catch and handle:",
                    "- You can take meaningful corrective action",
                    "- You need to clean up resources (use finally)",
                    "- You need to add context and rethrow",
                    "- You're at a boundary (API, UI) and need to translate",
                    "",
                    "When to let it propagate:",
                    "- You can't do anything useful with it",
                    "- You don't know how to handle it",
                    "- It should cause the operation to fail"
                  ]
                },
                "dont": {
                  "description": "NEVER swallow exceptions with empty catch blocks",
                  "content": [
                    "NEVER use empty catch/except blocks",
                    "NEVER catch and ignore without logging",
                    "NEVER catch Exception without specific reason",
                    "NEVER suppress errors to 'make it work'",
                    "",
                    "Wrong Examples (swallowing exceptions):",
                    "- try { risky_operation() } catch (e) { } // WRONG: Silent failure",
                    "- try { process() } except: pass // WRONG: Hiding errors",
                    "- try { save() } catch { return; } // WRONG: Ignoring failure",
                    "- try { connect() } catch (Exception e) { /* TODO: handle */ } // WRONG: Empty handler",
                    "- try { load() } except Exception: continue // WRONG: Silently skipping errors",
                    "",
                    "Swallowed Exception Indicators (CRITICAL FIX REQUIRED):",
                    "- Empty catch/except blocks: catch (e) { }",
                    "- Pass without logging: except: pass",
                    "- Comment without action: catch (e) { /* ignore */ }",
                    "- Generic catch-all without logging: except Exception:",
                    "- Return/continue without handling: catch { return; }",
                    "",
                    "Why This Is Critical:",
                    "- Hides bugs and makes debugging impossible",
                    "- Creates silent failures users don't know about",
                    "- Data corruption when errors are ignored",
                    "- System state becomes inconsistent",
                    "- Production issues with no error logs",
                    "- Violates fail-fast principle",
                    "",
                    "Instead:",
                    "- Log the exception with full context",
                    "- Rethrow if you can't handle it: raise or throw e",
                    "- Take corrective action if recovery is possible",
                    "- Use finally for cleanup, not catch for ignoring",
                    "- Document WHY you're catching and what you're doing",
                    "- If you must catch-all, log and rethrow",
                    "",
                    "Only acceptable pattern for 'ignore':",
                    "- try { optional_feature() } catch (e) { logger.info('Optional feature unavailable', e); // explicitly documented as optional }",
                    "- Even then: ALWAYS log why you're ignoring it"
                  ]
                }
              }
            ],
            "scanner": "agile_bot.bots.base_bot.src.scanners.swallowed_exceptions_scanner.SwallowedExceptionsScanner"
          },
          "scanner_status": {
            "status": "EXECUTED",
            "scanner_path": "agile_bot.bots.base_bot.src.scanners.swallowed_exceptions_scanner.SwallowedExceptionsScanner",
            "execution_status": "EXECUTION_SUCCESS",
            "violations_found": 1
          },
          "scanner_results": {
            "file_by_file": {
              "violations": [
                {
                  "rule": "never_swallow_exceptions",
                  "rule_file": "never_swallow_exceptions.json",
                  "violation_message": "Except block only contains pass at line 359 - exceptions must be logged or rethrown, never swallowed\n\n```python\n                try:\n                    os.unlink(temp_file_path)\n                except:\n                    pass\n    \n```",
                  "severity": "error",
                  "line_number": 359,
                  "location": "C:\\dev\\augmented-teams\\agile_bot\\bots\\base_bot\\src\\repl_cli\\headless\\cursor_api.py"
                }
              ]
            },
            "cross_file": {
              "violations": []
            }
          }
        },
        {
          "rule_file": "place_imports_at_top.json",
          "rule_content": {
            "description": "Place all import statements at the top of the file, after module docstrings and comments, but before any executable code. This improves readability and makes dependencies clear.",
            "examples": [
              {
                "do": {
                  "description": "Place all imports at the top of the file",
                  "content": [
                    "\"\"\"Module docstring.\"\"\"",
                    "import os",
                    "from pathlib import Path",
                    "from typing import Dict, List",
                    "",
                    "# Module-level comments can go here",
                    "CONSTANT = 'value'",
                    "",
                    "def function():",
                    "    pass"
                  ]
                },
                "dont": {
                  "description": "Don't place imports inline with code or inside functions",
                  "content": [
                    "\"\"\"Module docstring.\"\"\"",
                    "CONSTANT = 'value'",
                    "",
                    "def function():",
                    "    from pathlib import Path  # WRONG - import inside function",
                    "    import os  # WRONG - import inside function",
                    "    pass",
                    "",
                    "# WRONG - import after code",
                    "from typing import Dict"
                  ]
                }
              },
              {
                "do": {
                  "description": "Group imports: standard library, third-party, then local imports",
                  "content": [
                    "# Standard library imports",
                    "import os",
                    "import json",
                    "from pathlib import Path",
                    "",
                    "# Third-party imports",
                    "import pytest",
                    "",
                    "# Local application imports",
                    "from agile_bot.bots.base_bot.src.actions.action import Action"
                  ]
                },
                "dont": {
                  "description": "Don't mix import groups or place imports randomly",
                  "content": [
                    "import os",
                    "from agile_bot.bots.base_bot.src.actions.action import Action  # WRONG - local before stdlib",
                    "import json",
                    "import pytest  # WRONG - third-party mixed with stdlib"
                  ]
                }
              }
            ],
            "scanner": "agile_bot.bots.base_bot.src.scanners.import_placement_scanner.ImportPlacementScanner"
          },
          "scanner_status": {
            "status": "EXECUTED",
            "scanner_path": "agile_bot.bots.base_bot.src.scanners.import_placement_scanner.ImportPlacementScanner",
            "execution_status": "EXECUTION_SUCCESS",
            "violations_found": 0
          },
          "scanner_results": {
            "file_by_file": {
              "violations": []
            },
            "cross_file": {
              "violations": []
            }
          }
        },
        {
          "rule_file": "prefer_object_model_over_config.json",
          "rule_content": {
            "rule_name": "prefer_object_model_over_config",
            "description": "Use existing object model to access information instead of directly accessing configuration files",
            "severity": "error",
            "category": "architecture",
            "context": "when writing code",
            "scanner": "agile_bot.bots.base_bot.src.scanners.prefer_object_model_over_config_scanner.PreferObjectModelOverConfigScanner",
            "rationale": "Objects provide encapsulation and abstraction. Accessing configuration files directly bypasses the object model, creates tight coupling, and makes code harder to maintain and test.",
            "examples": {
              "bad": [
                {
                  "description": "Accessing config directly when object exists",
                  "code": "behavior = bot.behaviors.find_by_name(name)\nif behavior and hasattr(behavior, '_config'):\n    description = behavior._config.get('description')"
                },
                {
                  "description": "Reading config file when object property exists",
                  "code": "config_file = action_dir / 'action_config.json'\nconfig = read_json_file(config_file)\nname = config.get('name')"
                },
                {
                  "description": "Accessing private config attribute",
                  "code": "bot_config = bot._config.get('behaviors', [])"
                }
              ],
              "good": [
                {
                  "description": "Using object property",
                  "code": "behavior = bot.behaviors.find_by_name(name)\nif behavior:\n    description = behavior.description"
                },
                {
                  "description": "Using object method or property",
                  "code": "action = behavior.actions.find_by_name(action_name)\nif action:\n    name = action.name\n    description = action.description"
                },
                {
                  "description": "Iterating through object collections",
                  "code": "for behavior in bot.behaviors:\n    print(f'{behavior.name}: {behavior.description}')"
                }
              ]
            },
            "detection_patterns": [
              {
                "pattern": "\\._config\\[",
                "description": "Direct access to _config dictionary"
              },
              {
                "pattern": "\\._config\\.get\\(",
                "description": "Using .get() on _config attribute"
              },
              {
                "pattern": "hasattr\\([^,]+,\\s*['\"]_config['\"]\\)",
                "description": "Checking for _config attribute existence"
              },
              {
                "pattern": "read_json_file\\([^)]*config\\.json[^)]*\\)",
                "description": "Reading config.json files directly when objects may exist"
              }
            ],
            "exceptions": [
              "When initializing or constructing objects (e.g., in __init__ methods)",
              "When no object model exists for the configuration",
              "In configuration loading utilities or factories",
              "In migration or setup scripts",
              "When the object explicitly exposes config as part of its public API"
            ],
            "fix_guidance": "Replace direct config access with object properties or methods. If the property doesn't exist on the object, add it to the object's interface rather than accessing config directly."
          },
          "scanner_status": {
            "status": "EXECUTED",
            "scanner_path": "agile_bot.bots.base_bot.src.scanners.prefer_object_model_over_config_scanner.PreferObjectModelOverConfigScanner",
            "execution_status": "EXECUTION_SUCCESS",
            "violations_found": 0
          },
          "scanner_results": {
            "file_by_file": {
              "violations": []
            },
            "cross_file": {
              "violations": []
            }
          }
        },
        {
          "rule_file": "provide_meaningful_context.json",
          "rule_content": {
            "description": "Names should provide appropriate context without redundancy. Use longer names for longer scopes and replace magic numbers with named constants.",
            "examples": [
              {
                "do": {
                  "description": "Provide appropriate context in names",
                  "content": [
                    "Use longer names for longer scopes",
                    "Add contextual prefixes when clarifying relationships",
                    "Replace magic numbers with named constants",
                    "Group related constants in objects/enums",
                    "",
                    "Correct Examples (meaningful context):",
                    "- In large scope: userAccountEmailAddress",
                    "- In small scope: email (context is obvious)",
                    "- Named constant: MAX_RETRY_ATTEMPTS = 3 instead of 3",
                    "- Grouped: HttpStatus.OK, HttpStatus.NOT_FOUND",
                    "",
                    "Context Requirements:",
                    "- Scope size determines name length",
                    "- Constants explain magic numbers",
                    "- Related items grouped logically",
                    "- Context added when needed, not when obvious",
                    "- No gratuitous context (avoid redundancy)"
                  ]
                },
                "dont": {
                  "description": "Don't add gratuitous context or leave magic numbers unexplained",
                  "content": [
                    "Don't add gratuitous context that's obvious from structure",
                    "Don't use meaningless distinctions (data1, data2, dataInfo)",
                    "Don't leave magic numbers unexplained",
                    "",
                    "Wrong Examples (poor context):",
                    "- accountUserEmailAddress (redundant 'account' if already in Account class)",
                    "- data1, data2, dataInfo (meaningless distinctions)",
                    "- if (status === 200) (what is 200?)",
                    "- for (let i = 0; i < 86400; i++) (what is 86400?)",
                    "",
                    "Context Problems (REFACTOR):",
                    "- Redundant prefixes (AccountAccountNumber in Account class)",
                    "- Meaningless suffixes (Info, Data, Object, Thing)",
                    "- Numbered variables (user1, user2, user3)",
                    "- Magic numbers without names (3, 100, 86400)",
                    "- Magic strings without names ('active', 'pending')",
                    "",
                    "Instead use:",
                    "- Remove redundant context from class members",
                    "- Replace data1/data2 with meaningful names",
                    "- const HTTP_OK = 200; const HTTP_NOT_FOUND = 404;",
                    "- const SECONDS_PER_DAY = 86400;",
                    "- enum Status { ACTIVE = 'active', PENDING = 'pending' }"
                  ]
                }
              }
            ],
            "scanner": "agile_bot.bots.base_bot.src.scanners.meaningful_context_scanner.MeaningfulContextScanner"
          },
          "scanner_status": {
            "status": "EXECUTED",
            "scanner_path": "agile_bot.bots.base_bot.src.scanners.meaningful_context_scanner.MeaningfulContextScanner",
            "execution_status": "EXECUTION_SUCCESS",
            "violations_found": 0
          },
          "scanner_results": {
            "file_by_file": {
              "violations": []
            },
            "cross_file": {
              "violations": []
            }
          }
        },
        {
          "rule_file": "refactor_completely_not_partially.json",
          "rule_content": {
            "description": "CRITICAL: When refactoring, replace old code completely - don't try to support both legacy and new patterns. Write new code, delete old code, fix tests. Clean breaks are better than compatibility bridges that create technical debt.",
            "examples": [
              {
                "do": {
                  "description": "Replace old pattern completely with new pattern",
                  "content": [
                    "When refactoring, commit fully to the new approach",
                    "Delete old code completely, don't leave it around",
                    "Update all call sites to use new pattern",
                    "Fix all tests to work with new code",
                    "Clean break is better than supporting both ways",
                    "",
                    "Correct Refactoring Process:",
                    "1. Write new code with better pattern",
                    "2. Update all call sites to use new code",
                    "3. Delete old code completely",
                    "4. Update tests to match new implementation",
                    "5. Verify all tests pass",
                    "",
                    "Example: Refactoring to template method",
                    "STEP 1: Add template method execute_action()",
                    "STEP 2: Update ALL action methods to use template",
                    "STEP 3: Delete old duplicated code from each method",
                    "STEP 4: Update tests if needed",
                    "STEP 5: Verify all tests pass",
                    "",
                    "Benefits:",
                    "- Clean codebase with one clear pattern",
                    "- No confusion about which approach to use",
                    "- No technical debt from compatibility code",
                    "- Tests verify new pattern works",
                    "- Easy to understand for future developers"
                  ]
                },
                "dont": {
                  "description": "Don't try to support both old and new patterns simultaneously",
                  "content": [
                    "Don't create compatibility layers for old code",
                    "Don't support both old and new ways of doing things",
                    "Don't leave old code around 'just in case'",
                    "Don't add conditional logic to support legacy patterns",
                    "Don't incrementally migrate - do complete refactor",
                    "",
                    "Wrong Refactoring (supporting both):",
                    "```python",
                    "def execute_action(action_name, action_class=None, action_logic_fn=None):  # WRONG",
                    "    # Support both old way (logic function) and new way (action class)",
                    "    if action_logic_fn:  # Old way",
                    "        data = action_logic_fn(params)",
                    "    elif action_class:  # New way",
                    "        action = action_class(...)",
                    "        data = action.execute(params)",
                    "    # Now we have to maintain both paths!",
                    "```",
                    "",
                    "Wrong Refactoring (leaving old code):",
                    "```python",
                    "# Old way (deprecated, use execute_action instead)",
                    "def gather_context_old(self, params):",
                    "    # ... 20 lines of old code ...",
                    "",
                    "# New way",
                    "def gather_context(self, params):",
                    "    return self.execute_action('gather_context', GatherContextAction, params)",
                    "```",
                    "",
                    "Wrong Refactoring (partial migration):",
                    "```python",
                    "# Some actions use template",
                    "def gather_context(self, params):",
                    "    return self.execute_action('gather_context', GatherContextAction, params)",
                    "",
                    "# Some actions still use old pattern (inconsistent!)",
                    "def build_knowledge(self, params):",
                    "    if self.workflow.current_state != 'build_knowledge':",
                    "        self.workflow.machine.set_state('build_knowledge')",
                    "    self.workflow.save_state()",
                    "    # ... old duplicated code ...",
                    "```",
                    "",
                    "Problems with Supporting Both:",
                    "- Technical debt accumulates",
                    "- Two ways to do the same thing (confusion)",
                    "- More code to maintain and test",
                    "- Harder to reason about system behavior",
                    "- Future developers don't know which pattern to follow",
                    "- Tests may pass but codebase is messy",
                    "- Refactoring never completes",
                    "",
                    "Instead:",
                    "- Commit to new pattern completely",
                    "- Update all code at once",
                    "- Delete old code entirely",
                    "- Fix all tests to match new pattern",
                    "- Have one clear way to do things",
                    "",
                    "When to Use Compatibility Layer (RARE):",
                    "- External API with many consumers you don't control",
                    "- Deprecation period required by contract",
                    "- Major version transition with migration period",
                    "",
                    "For Internal Code (99% of cases):",
                    "- NO compatibility layer",
                    "- Clean break refactor",
                    "- Update all call sites",
                    "- Delete old code",
                    "- One clear pattern"
                  ]
                }
              }
            ],
            "scanner": "agile_bot.bots.base_bot.src.scanners.complete_refactoring_scanner.CompleteRefactoringScanner"
          },
          "scanner_status": {
            "status": "EXECUTED",
            "scanner_path": "agile_bot.bots.base_bot.src.scanners.complete_refactoring_scanner.CompleteRefactoringScanner",
            "execution_status": "EXECUTION_SUCCESS",
            "violations_found": 0
          },
          "scanner_results": {
            "file_by_file": {
              "violations": []
            },
            "cross_file": {
              "violations": []
            }
          }
        },
        {
          "rule_file": "refactor_tests_with_production_code.json",
          "rule_content": {
            "description": "CRITICAL: When refactoring production code, update tests immediately to maintain green builds. Tests should verify behavior, not implementation details, so they remain valid through refactoring.",
            "examples": [
              {
                "do": {
                  "description": "Update tests in parallel with production refactoring",
                  "content": [
                    "Update tests as you refactor production code",
                    "Keep builds green throughout refactoring",
                    "Use test helpers to abstract common test patterns",
                    "Consolidate duplicate test utilities",
                    "Update test imports when moving code",
                    "",
                    "Correct Examples (parallel refactoring):",
                    "- Create BaseAction \u2192 Update all action tests to use it",
                    "- Move methods between classes \u2192 Update test imports immediately",
                    "- Change folder structure \u2192 Update ALL import statements in tests",
                    "- Extract helper function \u2192 Update tests to use helper",
                    "- Create test_helpers.py \u2192 Consolidate duplicate test code",
                    "",
                    "Test Refactoring Requirements:",
                    "- Tests pass after each production change",
                    "- Test helpers eliminate test code duplication",
                    "- Tests verify behavior, not implementation",
                    "- Test names remain clear and descriptive",
                    "- Tests run fast (no slow integration tests unless needed)"
                  ]
                },
                "dont": {
                  "description": "Don't let tests break during refactoring or depend on implementation details",
                  "content": [
                    "Don't refactor production without updating tests",
                    "Don't leave broken tests 'to fix later'",
                    "Don't make tests depend on implementation details",
                    "Don't duplicate test setup/verification code",
                    "",
                    "Wrong Examples (broken during refactoring):",
                    "- Refactor production \u2192 20 tests fail \u2192 'will fix later'",
                    "- Create BaseAction \u2192 Tests still expect old class structure",
                    "- Move file \u2192 Tests can't import it \u2192 Build broken",
                    "- Change method signature \u2192 Tests still use old signature",
                    "",
                    "Test Breakage Indicators (FIX IMMEDIATELY):",
                    "- Tests failing after production refactoring",
                    "- Import errors in test files",
                    "- Tests checking implementation details (private methods)",
                    "- Duplicate test setup code across files",
                    "- Tests that break when refactoring internal structure",
                    "",
                    "Refactoring Strategy:",
                    "- Refactor in small steps, keeping tests green",
                    "- Update test imports immediately after moving code",
                    "- Extract test helpers before duplicating test code",
                    "- Use verify_* helpers instead of inline assertions",
                    "- Run tests after each change (TDD red-green-refactor)"
                  ]
                }
              }
            ]
          },
          "scanner_status": {
            "status": "NO_SCANNER",
            "scanner_path": null
          }
        },
        {
          "rule_file": "simplify_control_flow.json",
          "rule_content": {
            "description": "Keep nesting minimal and control flow straightforward. Use guard clauses to reduce nesting and extract nested blocks into separate functions.",
            "examples": [
              {
                "do": {
                  "description": "Keep control flow simple and readable",
                  "content": [
                    "Use guard clauses to reduce nesting",
                    "Extract nested blocks into separate functions",
                    "Prefer early returns for edge cases",
                    "Keep nesting to 2-3 levels maximum",
                    "",
                    "Correct Examples (simple control flow):",
                    "- if (!valid) return; // guard clause",
                    "- if (error) throw error; // early return",
                    "- Use polymorphism instead of complex switch statements",
                    "",
                    "Guard Clause Pattern:",
                    "function process(data) {",
                    "  if (!data) return null; // guard",
                    "  if (data.isEmpty()) return []; // guard",
                    "  // main logic here (not nested)",
                    "}"
                  ]
                },
                "dont": {
                  "description": "Don't create deeply nested control structures",
                  "content": [
                    "Don't nest conditionals more than 2-3 levels deep",
                    "Don't use complex switch statements outside factory methods",
                    "Don't mix multiple control flow patterns in one function",
                    "",
                    "Wrong Examples (complex control flow):",
                    "- 5 levels of nested if/else statements",
                    "- Switch statement with business logic in each case",
                    "- Mixed for loops with nested if/else/switch",
                    "",
                    "Complex Control Flow Indicators (REFACTOR):",
                    "- Nesting exceeds 3 levels deep",
                    "- Arrow-shaped code (increasing indentation)",
                    "- Multiple exit points deep in nested blocks",
                    "- Switch statements with complex logic per case",
                    "",
                    "Refactoring Strategies:",
                    "- Use guard clauses at function start",
                    "- Extract nested blocks into functions",
                    "- Replace switch with polymorphism or lookup tables",
                    "- Use early returns to flatten structure",
                    "- Consider strategy pattern for complex branching"
                  ]
                }
              }
            ],
            "scanner": "agile_bot.bots.base_bot.src.scanners.simplify_control_flow_scanner.SimplifyControlFlowScanner"
          },
          "scanner_status": {
            "status": "EXECUTED",
            "scanner_path": "agile_bot.bots.base_bot.src.scanners.simplify_control_flow_scanner.SimplifyControlFlowScanner",
            "execution_status": "EXECUTION_SUCCESS",
            "violations_found": 2
          },
          "scanner_results": {
            "file_by_file": {
              "violations": [
                {
                  "rule": "simplify_control_flow",
                  "rule_file": "simplify_control_flow.json",
                  "violation_message": "Function \"_run_with_streaming\" has nesting depth of 5 - use guard clauses and extract nested blocks to reduce nesting\n\n```python\n            raise RecoverableError('cursor-agent timed out')\n    \n    def _run_with_streaming(self, cmd: List[str], timeout: int) -> subprocess.CompletedProcess:\n        \"\"\"Run command with real-time streaming output.\"\"\"\n        import time\n        \n        process = subprocess.Popen(\n            cmd,\n            stdout=subprocess.PIPE,\n            stderr=subprocess.PIPE,\n            text=True,\n            encoding='utf-8',\n            errors='replace',  # Replace invalid characters instead of crashing\n            bufsize=1  # Line buffered\n        )\n    # ... (truncated)\n```",
                  "severity": "warning",
                  "line_number": 129,
                  "location": "C:\\dev\\augmented-teams\\agile_bot\\bots\\base_bot\\src\\repl_cli\\headless\\cursor_api.py"
                },
                {
                  "rule": "simplify_control_flow",
                  "rule_file": "simplify_control_flow.json",
                  "violation_message": "Function \"_print_cleaned_stream_line\" has nesting depth of 9 - use guard clauses and extract nested blocks to reduce nesting\n\n```python\n            raise e\n    \n    def _print_cleaned_stream_line(self, line: str):\n        \"\"\"Parse JSON stream line and print only meaningful content.\"\"\"\n        line = line.strip()\n        if not line:\n            return\n        \n        try:\n            data = json.loads(line)\n            msg_type = data.get('type', '')\n            \n            # Skip system init and thinking deltas\n            if msg_type in ('system', 'user'):\n                return\n    # ... (truncated)\n```",
                  "severity": "warning",
                  "line_number": 193,
                  "location": "C:\\dev\\augmented-teams\\agile_bot\\bots\\base_bot\\src\\repl_cli\\headless\\cursor_api.py"
                }
              ]
            },
            "cross_file": {
              "violations": []
            }
          }
        },
        {
          "rule_file": "stop_writing_useless_comments.json",
          "rule_content": {
            "description": "CRITICAL: DO NOT WRITE COMMENTS. Delete all comments written by the AI chat. Code must be self-explanatory through clear naming and structure. ONLY exception: legal/license requirements. If you think a comment is needed, the code is wrong - fix the code instead.",
            "scanner": "agile_bot.bots.base_bot.src.actions.scanners.useless_comments_scanner.UselessCommentsScanner",
            "examples": [
              {
                "do": {
                  "description": "DELETE ALL AI-WRITTEN COMMENTS. Write NO comments.",
                  "content": [
                    "DEFAULT: WRITE NO COMMENTS",
                    "AI must DELETE all comments it writes",
                    "ONLY exception: Legal/license requirements (copyright notices)",
                    "",
                    "ONLY Acceptable Comment:",
                    "# Copyright (c) 2024 Company Name. Licensed under MIT.",
                    "",
                    "Everything else: NO COMMENTS",
                    "- No docstrings",
                    "- No inline comments",
                    "- No explanations",
                    "- No algorithm descriptions",
                    "- No business rule comments",
                    "- No warnings",
                    "- No test scenario comments",
                    "",
                    "If code needs explanation:",
                    "1. Rename variables/functions to be clearer",
                    "2. Extract complex logic into well-named functions",
                    "3. Simplify the code structure",
                    "4. STILL write no comments",
                    "",
                    "AI Rule: DELETE EVERY COMMENT YOU WRITE"
                  ]
                },
                "dont": {
                  "description": "DELETE ALL COMMENTS - AI must not write any comments",
                  "content": [
                    "DELETE IMMEDIATELY - AI must not write:",
                    "- ANY docstrings",
                    "- ANY inline comments",
                    "- ANY explanations",
                    "- ANY descriptions",
                    "- ANY annotations (except type hints)",
                    "",
                    "Examples of what AI must DELETE:",
                    "",
                    "BAD (DELETE THIS):",
                    "def execute_action(action_name, action_class, parameters):",
                    "    pass",
                    "",
                    "GOOD (NO COMMENT):",
                    "def execute_action(action_name, action_class, parameters):",
                    "    pass",
                    "",
                    "BAD (DELETE THIS):",
                    "# Load state from file",
                    "def load_state(self):",
                    "    pass",
                    "",
                    "GOOD (NO COMMENT):",
                    "def load_state(self):",
                    "    pass",
                    "",
                    "BAD (DELETE THIS):",
                    "class RulesAction(Action):",
                    "    pass",
                    "",
                    "GOOD (NO COMMENT):",
                    "class RulesAction(Action):",
                    "    pass",
                    "",
                    "ABSOLUTE RULE FOR AI:",
                    "- Write ZERO comments",
                    "- Delete ALL comments you write",
                    "- Make code self-explanatory through naming",
                    "- If code seems complex, refactor it - don't comment it",
                    "",
                    "NO EXCEPTIONS (except copyright/license)"
                  ]
                }
              }
            ]
          },
          "scanner_status": {
            "status": "EXECUTED",
            "scanner_path": "agile_bot.bots.base_bot.src.actions.scanners.useless_comments_scanner.UselessCommentsScanner",
            "execution_status": "EXECUTION_SUCCESS",
            "violations_found": 14
          },
          "scanner_results": {
            "file_by_file": {
              "violations": [
                {
                  "rule": "stop_writing_useless_comments",
                  "rule_file": "stop_writing_useless_comments.json",
                  "violation_message": "Useless docstring that repeats function/class name - delete it or explain WHY, not WHAT\n\n```python\n\nclass CursorHeadlessAPI:\n    \"\"\"Executes instructions via cursor-agent CLI command.\n    \n    Uses --print flag for non-interactive/headless execution.\n    On Windows, runs cursor-agent through WSL Ubuntu.\n    \"\"\"\n    \n```",
                  "severity": "error",
                  "line_number": 31,
                  "location": "C:\\dev\\augmented-teams\\agile_bot\\bots\\base_bot\\src\\repl_cli\\headless\\cursor_api.py"
                },
                {
                  "rule": "stop_writing_useless_comments",
                  "rule_file": "stop_writing_useless_comments.json",
                  "violation_message": "Useless docstring that repeats function/class name - delete it or explain WHY, not WHAT\n\n```python\n    @property\n    def chat_id(self) -> Optional[str]:\n        \"\"\"Return the cursor-agent chatId for session resumption.\"\"\"\n        return self._chat_id\n```",
                  "severity": "error",
                  "line_number": 54,
                  "location": "C:\\dev\\augmented-teams\\agile_bot\\bots\\base_bot\\src\\repl_cli\\headless\\cursor_api.py"
                },
                {
                  "rule": "stop_writing_useless_comments",
                  "rule_file": "stop_writing_useless_comments.json",
                  "violation_message": "Useless docstring that repeats function/class name - delete it or explain WHY, not WHAT\n\n```python\n    \n    def starts_session(self, instructions: str) -> APIResponse:\n        \"\"\"Start a headless session by running cursor-agent with the instructions.\"\"\"\n        import uuid\n```",
                  "severity": "error",
                  "line_number": 58,
                  "location": "C:\\dev\\augmented-teams\\agile_bot\\bots\\base_bot\\src\\repl_cli\\headless\\cursor_api.py"
                },
                {
                  "rule": "stop_writing_useless_comments",
                  "rule_file": "stop_writing_useless_comments.json",
                  "violation_message": "Useless docstring that repeats function/class name - delete it or explain WHY, not WHAT\n\n```python\n    \n    def resumes_session(self, prompt: str) -> APIResponse:\n        \"\"\"Resume an existing session with a new prompt.\n        \n        Requires a previous session to have been started with starts_session().\n        \"\"\"\n        if not self._chat_id:\n```",
                  "severity": "error",
                  "line_number": 109,
                  "location": "C:\\dev\\augmented-teams\\agile_bot\\bots\\base_bot\\src\\repl_cli\\headless\\cursor_api.py"
                },
                {
                  "rule": "stop_writing_useless_comments",
                  "rule_file": "stop_writing_useless_comments.json",
                  "violation_message": "Useless docstring that repeats function/class name - delete it or explain WHY, not WHAT\n\n```python\n    \n    def _run_with_streaming(self, cmd: List[str], timeout: int) -> subprocess.CompletedProcess:\n        \"\"\"Run command with real-time streaming output.\"\"\"\n        import time\n```",
                  "severity": "error",
                  "line_number": 130,
                  "location": "C:\\dev\\augmented-teams\\agile_bot\\bots\\base_bot\\src\\repl_cli\\headless\\cursor_api.py"
                },
                {
                  "rule": "stop_writing_useless_comments",
                  "rule_file": "stop_writing_useless_comments.json",
                  "violation_message": "Useless docstring that repeats function/class name - delete it or explain WHY, not WHAT\n\n```python\n    \n    def _print_cleaned_stream_line(self, line: str):\n        \"\"\"Parse JSON stream line and print only meaningful content.\"\"\"\n        line = line.strip()\n```",
                  "severity": "error",
                  "line_number": 194,
                  "location": "C:\\dev\\augmented-teams\\agile_bot\\bots\\base_bot\\src\\repl_cli\\headless\\cursor_api.py"
                },
                {
                  "rule": "stop_writing_useless_comments",
                  "rule_file": "stop_writing_useless_comments.json",
                  "violation_message": "Useless docstring that repeats function/class name - delete it or explain WHY, not WHAT\n\n```python\n    \n    def _run_cursor_agent(self, prompt: str, timeout: int, resume_chat_id: Optional[str] = None) -> subprocess.CompletedProcess:\n        \"\"\"Run cursor-agent CLI command.\n        \n        On Windows, runs through WSL Ubuntu.\n        Uses --print --output-format json for headless execution.\n        \n        Args:\n            prompt: The prompt/message to send\n            timeout: Execution timeout in seconds\n            resume_chat_id: Optional chatId to resume an existing session\n        \"\"\"\n        if self._is_windows:\n```",
                  "severity": "error",
                  "line_number": 270,
                  "location": "C:\\dev\\augmented-teams\\agile_bot\\bots\\base_bot\\src\\repl_cli\\headless\\cursor_api.py"
                },
                {
                  "rule": "stop_writing_useless_comments",
                  "rule_file": "stop_writing_useless_comments.json",
                  "violation_message": "Useless docstring that repeats function/class name - delete it or explain WHY, not WHAT\n\n```python\n    \n    def _run_via_wsl(self, prompt: str, timeout: int, resume_chat_id: Optional[str] = None) -> subprocess.CompletedProcess:\n        \"\"\"Run cursor-agent via WSL Ubuntu on Windows.\"\"\"\n        import tempfile\n```",
                  "severity": "error",
                  "line_number": 286,
                  "location": "C:\\dev\\augmented-teams\\agile_bot\\bots\\base_bot\\src\\repl_cli\\headless\\cursor_api.py"
                },
                {
                  "rule": "stop_writing_useless_comments",
                  "rule_file": "stop_writing_useless_comments.json",
                  "violation_message": "Useless docstring that repeats function/class name - delete it or explain WHY, not WHAT\n\n```python\n    \n    def _run_directly(self, prompt: str, timeout: int, resume_chat_id: Optional[str] = None) -> subprocess.CompletedProcess:\n        \"\"\"Run cursor-agent directly on Linux/Mac.\"\"\"\n        if self.stream:\n```",
                  "severity": "error",
                  "line_number": 363,
                  "location": "C:\\dev\\augmented-teams\\agile_bot\\bots\\base_bot\\src\\repl_cli\\headless\\cursor_api.py"
                },
                {
                  "rule": "stop_writing_useless_comments",
                  "rule_file": "stop_writing_useless_comments.json",
                  "violation_message": "Useless docstring that repeats function/class name - delete it or explain WHY, not WHAT\n\n```python\n    \n    def sends_instruction(self, instruction: str) -> APIResponse:\n        \"\"\"Send additional instruction (runs new cursor-agent call).\"\"\"\n        if not self._session_id:\n```",
                  "severity": "error",
                  "line_number": 399,
                  "location": "C:\\dev\\augmented-teams\\agile_bot\\bots\\base_bot\\src\\repl_cli\\headless\\cursor_api.py"
                },
                {
                  "rule": "stop_writing_useless_comments",
                  "rule_file": "stop_writing_useless_comments.json",
                  "violation_message": "Useless docstring that repeats function/class name - delete it or explain WHY, not WHAT\n\n```python\n    \n    def polls_session_status(self) -> APIResponse:\n        \"\"\"Poll session status - for cursor-agent, it's synchronous so always done.\"\"\"\n        if not self._session_id:\n```",
                  "severity": "error",
                  "line_number": 417,
                  "location": "C:\\dev\\augmented-teams\\agile_bot\\bots\\base_bot\\src\\repl_cli\\headless\\cursor_api.py"
                },
                {
                  "rule": "stop_writing_useless_comments",
                  "rule_file": "stop_writing_useless_comments.json",
                  "violation_message": "Useless docstring that repeats function/class name - delete it or explain WHY, not WHAT\n\n```python\n    \n    def terminates_session(self) -> None:\n        \"\"\"Terminate session (cleanup).\"\"\"\n        self._session_id = None\n```",
                  "severity": "error",
                  "line_number": 434,
                  "location": "C:\\dev\\augmented-teams\\agile_bot\\bots\\base_bot\\src\\repl_cli\\headless\\cursor_api.py"
                },
                {
                  "rule": "stop_writing_useless_comments",
                  "rule_file": "stop_writing_useless_comments.json",
                  "violation_message": "Useless docstring that repeats function/class name - delete it or explain WHY, not WHAT\n\n```python\n    \n    def _parse_cursor_output(self, output: str) -> APIResponse:\n        \"\"\"Parse cursor-agent output.\n        \n        Since cursor-agent is synchronous and we use --output-format stream-json,\n        by the time this is called the process has completed. Just return done=True.\n        \"\"\"\n        if not output or not output.strip():\n```",
                  "severity": "error",
                  "line_number": 439,
                  "location": "C:\\dev\\augmented-teams\\agile_bot\\bots\\base_bot\\src\\repl_cli\\headless\\cursor_api.py"
                },
                {
                  "rule": "stop_writing_useless_comments",
                  "rule_file": "stop_writing_useless_comments.json",
                  "violation_message": "Useless comment: \"# Create CompletedProcess object\" - delete it or improve the code instead\n\n```python\n                stderr_lines.append(stderr_output)\n            \n            # Create CompletedProcess object\n            return subprocess.CompletedProcess(\n```",
                  "severity": "error",
                  "line_number": 181,
                  "location": "C:\\dev\\augmented-teams\\agile_bot\\bots\\base_bot\\src\\repl_cli\\headless\\cursor_api.py"
                }
              ]
            },
            "cross_file": {
              "violations": []
            }
          }
        },
        {
          "rule_file": "use_clear_function_parameters.json",
          "rule_content": {
            "description": "CRITICAL: Function signatures must be simple and intention-revealing. Prefer 0-2 parameters. NEVER pass Dict[str, Any] or List[str] for complex data - create typed objects instead. Examples: parameters dict \u2192 ParametersObject, files dict \u2192 FilesCollection, exclude list \u2192 ExcludePatterns.",
            "examples": [
              {
                "do": {
                  "description": "Keep function parameters simple and clear",
                  "content": [
                    "Prefer 0-2 parameters; use objects for more complex needs",
                    "Use descriptive parameter names",
                    "Make function names encode parameter meaning",
                    "Group related parameters into objects",
                    "",
                    "Correct Examples (clear parameters):",
                    "- calculateTotal(items) instead of calculateTotal(item1, item2, item3)",
                    "- createUser({name, email, role}) instead of createUser(name, email, role, active, verified)",
                    "- sendEmail(message) where message contains all email data",
                    "",
                    "Parameter Best Practices:",
                    "- 0 parameters: Ideal (pure function or uses instance state)",
                    "- 1 parameter: Very good (single input, single output)",
                    "- 2 parameters: Acceptable (clear relationship)",
                    "- 3+ parameters: Use parameter object",
                    "- Return values instead of output parameters"
                  ]
                },
                "dont": {
                  "description": "Don't use boolean flags or excessive parameters",
                  "content": [
                    "Don't use boolean flags as parameters (create two functions instead)",
                    "Don't exceed 3 parameters without using a parameter object",
                    "Don't use output parameters (return values instead)",
                    "",
                    "Wrong Examples (poor parameters):",
                    "- process(data, true, false) \u2192 unclear what booleans mean",
                    "- createUser(name, email, role, active, verified, age, phone) \u2192 too many params",
                    "- calculate(input, result) where result is modified \u2192 use return value",
                    "",
                    "Parameter Problems (REFACTOR):",
                    "- Boolean flags indicating different behaviors \u2192 split into two functions",
                    "- More than 3 parameters \u2192 create parameter object",
                    "- Output parameters \u2192 return values or use immutable approach",
                    "- Unclear parameter order \u2192 use named parameters/object",
                    "",
                    "Instead of:",
                    "- process(data, true) \u2192 processAndValidate(data) and process(data)",
                    "- create(a, b, c, d, e) \u2192 create({a, b, c, d, e})",
                    "- modify(input, output) \u2192 return modifiedValue(input)"
                  ]
                }
              }
            ],
            "scanner": "agile_bot.bots.base_bot.src.scanners.clear_parameters_scanner.ClearParametersScanner"
          },
          "scanner_status": {
            "status": "EXECUTED",
            "scanner_path": "agile_bot.bots.base_bot.src.scanners.clear_parameters_scanner.ClearParametersScanner",
            "execution_status": "EXECUTION_SUCCESS",
            "violations_found": 0
          },
          "scanner_results": {
            "file_by_file": {
              "violations": []
            },
            "cross_file": {
              "violations": []
            }
          }
        },
        {
          "rule_file": "use_consistent_indentation.json",
          "rule_content": {
            "description": "Use consistent, meaningful indentation. Use 2-4 spaces consistently (or tabs if team prefers), indent to show code structure, and keep lines under 80-120 characters.",
            "examples": [
              {
                "do": {
                  "description": "Use consistent indentation to show structure",
                  "content": [
                    "Use 2-4 spaces consistently (or tabs if team prefers)",
                    "Indent to show code structure",
                    "Keep lines under 80-120 characters",
                    "Let automated formatter handle indentation",
                    "",
                    "Correct Examples (consistent indentation):",
                    "function processOrder(order) {",
                    "  if (order.isValid()) {",
                    "    const total = calculateTotal(order);",
                    "    return total;",
                    "  }",
                    "  return 0;",
                    "}",
                    "",
                    "Indentation Requirements:",
                    "- Consistent spaces/tabs throughout project",
                    "- Indentation shows nesting level",
                    "- Lines not too long (80-120 chars)",
                    "- Automated formatter enforces consistency",
                    "- Code structure visually clear"
                  ]
                },
                "dont": {
                  "description": "Don't mix tabs and spaces or create extremely long lines",
                  "content": [
                    "Don't mix tabs and spaces",
                    "Don't use inconsistent indentation",
                    "Don't create extremely long lines",
                    "",
                    "Wrong Examples (inconsistent indentation):",
                    "function processOrder(order) {",
                    "  if (order.isValid()) {    // 2 spaces",
                    "      const total = calculateTotal(order);  // 4 spaces",
                    "\treturn total;  // tab",
                    "  }",
                    "}",
                    "",
                    "const result = someFunction(param1, param2, param3, param4, param5, param6, param7, param8, param9, param10); // too long!",
                    "",
                    "Indentation Problems (FIX):",
                    "- Mixing tabs and spaces",
                    "- Inconsistent indentation levels",
                    "- Lines exceeding 120+ characters",
                    "- Unclear code structure",
                    "",
                    "Solution:",
                    "- Configure automated formatter",
                    "- Set editor to use spaces (not tabs) or consistent tabs",
                    "- Enable line length warnings",
                    "- Break long lines into multiple lines:",
                    "",
                    "const result = someFunction(",
                    "  param1, param2, param3,",
                    "  param4, param5, param6",
                    ");"
                  ]
                }
              }
            ],
            "scanner": "agile_bot.bots.base_bot.src.scanners.consistent_indentation_scanner.ConsistentIndentationScanner"
          },
          "scanner_status": {
            "status": "EXECUTED",
            "scanner_path": "agile_bot.bots.base_bot.src.scanners.consistent_indentation_scanner.ConsistentIndentationScanner",
            "execution_status": "EXECUTION_SUCCESS",
            "violations_found": 0
          },
          "scanner_results": {
            "file_by_file": {
              "violations": []
            },
            "cross_file": {
              "violations": []
            }
          }
        },
        {
          "rule_file": "use_consistent_naming.json",
          "rule_content": {
            "description": "Use one word per concept across the entire codebase. Pick consistent terms (get/fetch/retrieve \u2192 choose one) and follow domain language for business concepts.",
            "examples": [
              {
                "do": {
                  "description": "Maintain consistent naming patterns across codebase",
                  "content": [
                    "Pick one term per concept (get/fetch/retrieve \u2192 choose one)",
                    "Use consistent naming patterns for similar operations",
                    "Follow domain language for business concepts",
                    "Establish team conventions and stick to them",
                    "",
                    "Correct Examples (consistent naming):",
                    "- Always use 'get' for retrieval: getUser, getOrder, getProduct",
                    "- Always use 'create' for new entities: createUser, createOrder",
                    "- Domain terms consistent: Customer (not Client in some places, Customer in others)",
                    "",
                    "Consistency Requirements:",
                    "- One word per concept throughout codebase",
                    "- Same operation = same verb (get, fetch, retrieve \u2192 pick one)",
                    "- Same concept = same noun (user, account, member \u2192 pick one)",
                    "- Follow established conventions in existing code",
                    "- Use domain language consistently"
                  ]
                },
                "dont": {
                  "description": "Don't mix synonyms or use different names for same abstraction",
                  "content": [
                    "Don't mix synonyms for the same concept",
                    "Don't use different names for same abstraction",
                    "Don't encode type information in names (Hungarian notation)",
                    "",
                    "Wrong Examples (inconsistent naming):",
                    "- Mixing: getAccount(), fetchUser(), retrieveOrder() (pick one verb)",
                    "- Mixing: customerAddress, clientName (Customer vs Client)",
                    "- Mixing: userList, accountArray (inconsistent collection naming)",
                    "- Hungarian: strName, intAge, boolActive (type in name)",
                    "",
                    "Inconsistency Indicators (REFACTOR):",
                    "- Multiple verbs for same operation (get/fetch/retrieve)",
                    "- Multiple nouns for same concept (user/account/member)",
                    "- Different patterns for similar entities",
                    "- Type prefixes (str, int, arr, obj)",
                    "",
                    "Establish conventions:",
                    "- get* for simple retrieval",
                    "- fetch* for async/network retrieval (or use get consistently)",
                    "- find* for queries that may not find",
                    "- create/update/delete for mutations",
                    "- is/has/can for boolean checks"
                  ]
                }
              }
            ],
            "scanner": "agile_bot.bots.base_bot.src.scanners.consistent_naming_scanner.ConsistentNamingScanner"
          },
          "scanner_status": {
            "status": "EXECUTED",
            "scanner_path": "agile_bot.bots.base_bot.src.scanners.consistent_naming_scanner.ConsistentNamingScanner",
            "execution_status": "EXECUTION_SUCCESS",
            "violations_found": 0
          },
          "scanner_results": {
            "file_by_file": {
              "violations": []
            },
            "cross_file": {
              "violations": []
            }
          }
        },
        {
          "rule_file": "use_domain_language.json",
          "rule_content": {
            "description": "CRITICAL: Code must use domain-specific language, not generic terms. NEVER use Dict[str, Any], List[str], or generic 'data'/'config'/'parameters' - use typed domain objects. Objects should expose properties representing what they contain (e.g., recommended_trades), not methods that 'generate' or 'calculate' things.",
            "scanner": "agile_bot.bots.base_bot.src.scanners.domain_language_code_scanner.DomainLanguageCodeScanner",
            "examples": [
              {
                "do": {
                  "description": "Use domain-specific language with properties",
                  "content": [
                    "Use domain-specific terms for classes, methods, and variables",
                    "Properties represent what objects contain (recommended_trades)",
                    "Avoid generic terms like 'data', 'config', 'parameter', 'result'",
                    "",
                    "Correct Examples (domain language with properties):",
                    "class RebalanceRecommendation:",
                    "    def __init__(self, portfolio: Portfolio, target: TargetAllocation):",
                    "        self.portfolio = portfolio",
                    "        self.target = target",
                    "",
                    "    @property",
                    "    def recommended_trades(self) -> List[Trade]:",
                    "        # Property represents what the recommendation contains",
                    "        if not hasattr(self, '_recommended_trades'):",
                    "            current_holdings = self.portfolio.holdings.get_many_positions()",
                    "            target_percentages = self.target.asset_classes.percentages",
                    "            self._recommended_trades = self._calculate_trades(",
                    "                current_holdings, target_percentages",
                    "            )",
                    "        return self._recommended_trades"
                  ]
                },
                "dont": {
                  "description": "Don't use generic terms or generate/calculate methods",
                  "content": [
                    "Don't use generic terms like 'data', 'config', 'parameter', 'result' without domain context",
                    "Don't use method names like 'generate' or 'calculate' when a property would better represent the domain concept",
                    "",
                    "Wrong Examples (generic terms):",
                    "class RebalanceRecommendation:",
                    "    def generate(self, portfolio_data: dict, target_config: dict):",
                    "        # Generic 'data' and 'config' terms",
                    "        holdings = portfolio_data['holdings']",
                    "        percentages = target_config['percentages']",
                    "        return self._calculate_trades(holdings, percentages)",
                    "",
                    "Generic Term Indicators (REFACTOR):",
                    "- Variables/parameters using 'data', 'config', 'parameter', 'result' without domain context",
                    "- Methods starting with 'generate', 'calculate' when property would be better",
                    "- Classes/types that are generic without domain meaning"
                  ]
                }
              }
            ]
          },
          "scanner_status": {
            "status": "EXECUTED",
            "scanner_path": "agile_bot.bots.base_bot.src.scanners.domain_language_code_scanner.DomainLanguageCodeScanner",
            "execution_status": "EXECUTION_SUCCESS",
            "violations_found": 35
          },
          "scanner_results": {
            "file_by_file": {
              "violations": [
                {
                  "rule": "use_domain_language",
                  "rule_file": "use_domain_language.json",
                  "violation_message": "Class \"APIResponse\" doesn't match domain terms. Use domain-specific language from specification: action, agent, behavior, bot, call, calls, catalog, class, classes, config...",
                  "severity": "info",
                  "line_number": 19,
                  "location": "C:\\dev\\augmented-teams\\agile_bot\\bots\\base_bot\\src\\repl_cli\\headless\\cursor_api.py"
                },
                {
                  "rule": "use_domain_language",
                  "rule_file": "use_domain_language.json",
                  "violation_message": "Class \"CursorHeadlessAPI\" doesn't match domain terms. Use domain-specific language from specification: action, agent, behavior, bot, call, calls, catalog, class, classes, config...",
                  "severity": "info",
                  "line_number": 30,
                  "location": "C:\\dev\\augmented-teams\\agile_bot\\bots\\base_bot\\src\\repl_cli\\headless\\cursor_api.py"
                },
                {
                  "rule": "use_domain_language",
                  "rule_file": "use_domain_language.json",
                  "violation_message": "Function \"__init__\" doesn't match domain terms. Use domain-specific language from specification: action, agent, behavior, bot, call, calls, catalog, class, classes, config...",
                  "severity": "info",
                  "line_number": 37,
                  "location": "C:\\dev\\augmented-teams\\agile_bot\\bots\\base_bot\\src\\repl_cli\\headless\\cursor_api.py"
                },
                {
                  "rule": "use_domain_language",
                  "rule_file": "use_domain_language.json",
                  "violation_message": "Function \"__init__\" uses parameter name \"api_key\" that doesn't match domain terms. Use domain-specific language: action, agent, behavior, bot, call, calls, catalog, class, classes, config...",
                  "severity": "info",
                  "line_number": 37,
                  "location": "C:\\dev\\augmented-teams\\agile_bot\\bots\\base_bot\\src\\repl_cli\\headless\\cursor_api.py"
                },
                {
                  "rule": "use_domain_language",
                  "rule_file": "use_domain_language.json",
                  "violation_message": "Function \"__init__\" uses parameter name \"model\" that doesn't match domain terms. Use domain-specific language: action, agent, behavior, bot, call, calls, catalog, class, classes, config...",
                  "severity": "info",
                  "line_number": 37,
                  "location": "C:\\dev\\augmented-teams\\agile_bot\\bots\\base_bot\\src\\repl_cli\\headless\\cursor_api.py"
                },
                {
                  "rule": "use_domain_language",
                  "rule_file": "use_domain_language.json",
                  "violation_message": "Function \"__init__\" uses parameter name \"timeout\" that doesn't match domain terms. Use domain-specific language: action, agent, behavior, bot, call, calls, catalog, class, classes, config...",
                  "severity": "info",
                  "line_number": 37,
                  "location": "C:\\dev\\augmented-teams\\agile_bot\\bots\\base_bot\\src\\repl_cli\\headless\\cursor_api.py"
                },
                {
                  "rule": "use_domain_language",
                  "rule_file": "use_domain_language.json",
                  "violation_message": "Function \"__init__\" uses parameter name \"stream\" that doesn't match domain terms. Use domain-specific language: action, agent, behavior, bot, call, calls, catalog, class, classes, config...",
                  "severity": "info",
                  "line_number": 37,
                  "location": "C:\\dev\\augmented-teams\\agile_bot\\bots\\base_bot\\src\\repl_cli\\headless\\cursor_api.py"
                },
                {
                  "rule": "use_domain_language",
                  "rule_file": "use_domain_language.json",
                  "violation_message": "Function \"session_id\" doesn't match domain terms. Use domain-specific language from specification: action, agent, behavior, bot, call, calls, catalog, class, classes, config...",
                  "severity": "info",
                  "line_number": 49,
                  "location": "C:\\dev\\augmented-teams\\agile_bot\\bots\\base_bot\\src\\repl_cli\\headless\\cursor_api.py"
                },
                {
                  "rule": "use_domain_language",
                  "rule_file": "use_domain_language.json",
                  "violation_message": "Function \"chat_id\" doesn't match domain terms. Use domain-specific language from specification: action, agent, behavior, bot, call, calls, catalog, class, classes, config...",
                  "severity": "info",
                  "line_number": 53,
                  "location": "C:\\dev\\augmented-teams\\agile_bot\\bots\\base_bot\\src\\repl_cli\\headless\\cursor_api.py"
                },
                {
                  "rule": "use_domain_language",
                  "rule_file": "use_domain_language.json",
                  "violation_message": "Function \"starts_session\" doesn't match domain terms. Use domain-specific language from specification: action, agent, behavior, bot, call, calls, catalog, class, classes, config...",
                  "severity": "info",
                  "line_number": 57,
                  "location": "C:\\dev\\augmented-teams\\agile_bot\\bots\\base_bot\\src\\repl_cli\\headless\\cursor_api.py"
                },
                {
                  "rule": "use_domain_language",
                  "rule_file": "use_domain_language.json",
                  "violation_message": "Function \"starts_session\" uses parameter name \"instructions\" that doesn't match domain terms. Use domain-specific language: action, agent, behavior, bot, call, calls, catalog, class, classes, config...",
                  "severity": "info",
                  "line_number": 57,
                  "location": "C:\\dev\\augmented-teams\\agile_bot\\bots\\base_bot\\src\\repl_cli\\headless\\cursor_api.py"
                },
                {
                  "rule": "use_domain_language",
                  "rule_file": "use_domain_language.json",
                  "violation_message": "Function \"resumes_session\" doesn't match domain terms. Use domain-specific language from specification: action, agent, behavior, bot, call, calls, catalog, class, classes, config...",
                  "severity": "info",
                  "line_number": 108,
                  "location": "C:\\dev\\augmented-teams\\agile_bot\\bots\\base_bot\\src\\repl_cli\\headless\\cursor_api.py"
                },
                {
                  "rule": "use_domain_language",
                  "rule_file": "use_domain_language.json",
                  "violation_message": "Function \"resumes_session\" uses parameter name \"prompt\" that doesn't match domain terms. Use domain-specific language: action, agent, behavior, bot, call, calls, catalog, class, classes, config...",
                  "severity": "info",
                  "line_number": 108,
                  "location": "C:\\dev\\augmented-teams\\agile_bot\\bots\\base_bot\\src\\repl_cli\\headless\\cursor_api.py"
                },
                {
                  "rule": "use_domain_language",
                  "rule_file": "use_domain_language.json",
                  "violation_message": "Function \"_run_with_streaming\" doesn't match domain terms. Use domain-specific language from specification: action, agent, behavior, bot, call, calls, catalog, class, classes, config...",
                  "severity": "info",
                  "line_number": 129,
                  "location": "C:\\dev\\augmented-teams\\agile_bot\\bots\\base_bot\\src\\repl_cli\\headless\\cursor_api.py"
                },
                {
                  "rule": "use_domain_language",
                  "rule_file": "use_domain_language.json",
                  "violation_message": "Function \"_run_with_streaming\" uses parameter name \"cmd\" that doesn't match domain terms. Use domain-specific language: action, agent, behavior, bot, call, calls, catalog, class, classes, config...",
                  "severity": "info",
                  "line_number": 129,
                  "location": "C:\\dev\\augmented-teams\\agile_bot\\bots\\base_bot\\src\\repl_cli\\headless\\cursor_api.py"
                },
                {
                  "rule": "use_domain_language",
                  "rule_file": "use_domain_language.json",
                  "violation_message": "Function \"_run_with_streaming\" uses parameter name \"timeout\" that doesn't match domain terms. Use domain-specific language: action, agent, behavior, bot, call, calls, catalog, class, classes, config...",
                  "severity": "info",
                  "line_number": 129,
                  "location": "C:\\dev\\augmented-teams\\agile_bot\\bots\\base_bot\\src\\repl_cli\\headless\\cursor_api.py"
                },
                {
                  "rule": "use_domain_language",
                  "rule_file": "use_domain_language.json",
                  "violation_message": "Function \"_print_cleaned_stream_line\" doesn't match domain terms. Use domain-specific language from specification: action, agent, behavior, bot, call, calls, catalog, class, classes, config...",
                  "severity": "info",
                  "line_number": 193,
                  "location": "C:\\dev\\augmented-teams\\agile_bot\\bots\\base_bot\\src\\repl_cli\\headless\\cursor_api.py"
                },
                {
                  "rule": "use_domain_language",
                  "rule_file": "use_domain_language.json",
                  "violation_message": "Function \"_print_cleaned_stream_line\" uses parameter name \"line\" that doesn't match domain terms. Use domain-specific language: action, agent, behavior, bot, call, calls, catalog, class, classes, config...",
                  "severity": "info",
                  "line_number": 193,
                  "location": "C:\\dev\\augmented-teams\\agile_bot\\bots\\base_bot\\src\\repl_cli\\headless\\cursor_api.py"
                },
                {
                  "rule": "use_domain_language",
                  "rule_file": "use_domain_language.json",
                  "violation_message": "Function \"_run_cursor_agent\" uses parameter name \"prompt\" that doesn't match domain terms. Use domain-specific language: action, agent, behavior, bot, call, calls, catalog, class, classes, config...",
                  "severity": "info",
                  "line_number": 269,
                  "location": "C:\\dev\\augmented-teams\\agile_bot\\bots\\base_bot\\src\\repl_cli\\headless\\cursor_api.py"
                },
                {
                  "rule": "use_domain_language",
                  "rule_file": "use_domain_language.json",
                  "violation_message": "Function \"_run_cursor_agent\" uses parameter name \"timeout\" that doesn't match domain terms. Use domain-specific language: action, agent, behavior, bot, call, calls, catalog, class, classes, config...",
                  "severity": "info",
                  "line_number": 269,
                  "location": "C:\\dev\\augmented-teams\\agile_bot\\bots\\base_bot\\src\\repl_cli\\headless\\cursor_api.py"
                },
                {
                  "rule": "use_domain_language",
                  "rule_file": "use_domain_language.json",
                  "violation_message": "Function \"_run_cursor_agent\" uses parameter name \"resume_chat_id\" that doesn't match domain terms. Use domain-specific language: action, agent, behavior, bot, call, calls, catalog, class, classes, config...",
                  "severity": "info",
                  "line_number": 269,
                  "location": "C:\\dev\\augmented-teams\\agile_bot\\bots\\base_bot\\src\\repl_cli\\headless\\cursor_api.py"
                },
                {
                  "rule": "use_domain_language",
                  "rule_file": "use_domain_language.json",
                  "violation_message": "Function \"_run_via_wsl\" doesn't match domain terms. Use domain-specific language from specification: action, agent, behavior, bot, call, calls, catalog, class, classes, config...",
                  "severity": "info",
                  "line_number": 285,
                  "location": "C:\\dev\\augmented-teams\\agile_bot\\bots\\base_bot\\src\\repl_cli\\headless\\cursor_api.py"
                },
                {
                  "rule": "use_domain_language",
                  "rule_file": "use_domain_language.json",
                  "violation_message": "Function \"_run_via_wsl\" uses parameter name \"prompt\" that doesn't match domain terms. Use domain-specific language: action, agent, behavior, bot, call, calls, catalog, class, classes, config...",
                  "severity": "info",
                  "line_number": 285,
                  "location": "C:\\dev\\augmented-teams\\agile_bot\\bots\\base_bot\\src\\repl_cli\\headless\\cursor_api.py"
                },
                {
                  "rule": "use_domain_language",
                  "rule_file": "use_domain_language.json",
                  "violation_message": "Function \"_run_via_wsl\" uses parameter name \"timeout\" that doesn't match domain terms. Use domain-specific language: action, agent, behavior, bot, call, calls, catalog, class, classes, config...",
                  "severity": "info",
                  "line_number": 285,
                  "location": "C:\\dev\\augmented-teams\\agile_bot\\bots\\base_bot\\src\\repl_cli\\headless\\cursor_api.py"
                },
                {
                  "rule": "use_domain_language",
                  "rule_file": "use_domain_language.json",
                  "violation_message": "Function \"_run_via_wsl\" uses parameter name \"resume_chat_id\" that doesn't match domain terms. Use domain-specific language: action, agent, behavior, bot, call, calls, catalog, class, classes, config...",
                  "severity": "info",
                  "line_number": 285,
                  "location": "C:\\dev\\augmented-teams\\agile_bot\\bots\\base_bot\\src\\repl_cli\\headless\\cursor_api.py"
                },
                {
                  "rule": "use_domain_language",
                  "rule_file": "use_domain_language.json",
                  "violation_message": "Function \"_run_directly\" doesn't match domain terms. Use domain-specific language from specification: action, agent, behavior, bot, call, calls, catalog, class, classes, config...",
                  "severity": "info",
                  "line_number": 362,
                  "location": "C:\\dev\\augmented-teams\\agile_bot\\bots\\base_bot\\src\\repl_cli\\headless\\cursor_api.py"
                },
                {
                  "rule": "use_domain_language",
                  "rule_file": "use_domain_language.json",
                  "violation_message": "Function \"_run_directly\" uses parameter name \"prompt\" that doesn't match domain terms. Use domain-specific language: action, agent, behavior, bot, call, calls, catalog, class, classes, config...",
                  "severity": "info",
                  "line_number": 362,
                  "location": "C:\\dev\\augmented-teams\\agile_bot\\bots\\base_bot\\src\\repl_cli\\headless\\cursor_api.py"
                },
                {
                  "rule": "use_domain_language",
                  "rule_file": "use_domain_language.json",
                  "violation_message": "Function \"_run_directly\" uses parameter name \"timeout\" that doesn't match domain terms. Use domain-specific language: action, agent, behavior, bot, call, calls, catalog, class, classes, config...",
                  "severity": "info",
                  "line_number": 362,
                  "location": "C:\\dev\\augmented-teams\\agile_bot\\bots\\base_bot\\src\\repl_cli\\headless\\cursor_api.py"
                },
                {
                  "rule": "use_domain_language",
                  "rule_file": "use_domain_language.json",
                  "violation_message": "Function \"_run_directly\" uses parameter name \"resume_chat_id\" that doesn't match domain terms. Use domain-specific language: action, agent, behavior, bot, call, calls, catalog, class, classes, config...",
                  "severity": "info",
                  "line_number": 362,
                  "location": "C:\\dev\\augmented-teams\\agile_bot\\bots\\base_bot\\src\\repl_cli\\headless\\cursor_api.py"
                },
                {
                  "rule": "use_domain_language",
                  "rule_file": "use_domain_language.json",
                  "violation_message": "Function \"sends_instruction\" doesn't match domain terms. Use domain-specific language from specification: action, agent, behavior, bot, call, calls, catalog, class, classes, config...",
                  "severity": "info",
                  "line_number": 398,
                  "location": "C:\\dev\\augmented-teams\\agile_bot\\bots\\base_bot\\src\\repl_cli\\headless\\cursor_api.py"
                },
                {
                  "rule": "use_domain_language",
                  "rule_file": "use_domain_language.json",
                  "violation_message": "Function \"sends_instruction\" uses parameter name \"instruction\" that doesn't match domain terms. Use domain-specific language: action, agent, behavior, bot, call, calls, catalog, class, classes, config...",
                  "severity": "info",
                  "line_number": 398,
                  "location": "C:\\dev\\augmented-teams\\agile_bot\\bots\\base_bot\\src\\repl_cli\\headless\\cursor_api.py"
                },
                {
                  "rule": "use_domain_language",
                  "rule_file": "use_domain_language.json",
                  "violation_message": "Function \"polls_session_status\" doesn't match domain terms. Use domain-specific language from specification: action, agent, behavior, bot, call, calls, catalog, class, classes, config...",
                  "severity": "info",
                  "line_number": 416,
                  "location": "C:\\dev\\augmented-teams\\agile_bot\\bots\\base_bot\\src\\repl_cli\\headless\\cursor_api.py"
                },
                {
                  "rule": "use_domain_language",
                  "rule_file": "use_domain_language.json",
                  "violation_message": "Function \"terminates_session\" doesn't match domain terms. Use domain-specific language from specification: action, agent, behavior, bot, call, calls, catalog, class, classes, config...",
                  "severity": "info",
                  "line_number": 433,
                  "location": "C:\\dev\\augmented-teams\\agile_bot\\bots\\base_bot\\src\\repl_cli\\headless\\cursor_api.py"
                },
                {
                  "rule": "use_domain_language",
                  "rule_file": "use_domain_language.json",
                  "violation_message": "Function \"_parse_cursor_output\" doesn't match domain terms. Use domain-specific language from specification: action, agent, behavior, bot, call, calls, catalog, class, classes, config...",
                  "severity": "info",
                  "line_number": 438,
                  "location": "C:\\dev\\augmented-teams\\agile_bot\\bots\\base_bot\\src\\repl_cli\\headless\\cursor_api.py"
                },
                {
                  "rule": "use_domain_language",
                  "rule_file": "use_domain_language.json",
                  "violation_message": "Function \"_parse_cursor_output\" uses parameter name \"output\" that doesn't match domain terms. Use domain-specific language: action, agent, behavior, bot, call, calls, catalog, class, classes, config...",
                  "severity": "info",
                  "line_number": 438,
                  "location": "C:\\dev\\augmented-teams\\agile_bot\\bots\\base_bot\\src\\repl_cli\\headless\\cursor_api.py"
                }
              ]
            },
            "cross_file": {
              "violations": []
            }
          }
        },
        {
          "rule_file": "use_exceptions_properly.json",
          "rule_content": {
            "description": "Prefer exceptions over error codes for exceptional conditions. Use exceptions for truly exceptional situations, provide informative error messages, and create domain-specific exception types.",
            "examples": [
              {
                "do": {
                  "description": "Use exceptions for exceptional situations",
                  "content": [
                    "Use exceptions for truly exceptional situations",
                    "Provide informative error messages with context",
                    "Create domain-specific exception types",
                    "Include relevant data in exception objects",
                    "",
                    "Correct Examples (proper exceptions):",
                    "- throw new InvalidOrderException('Order missing required items', {orderId, items})",
                    "- throw new PaymentFailedException('Payment declined', {transactionId, reason})",
                    "- throw new ResourceNotFoundException('User not found', {userId})",
                    "",
                    "Exception Best Practices:",
                    "- Use for truly exceptional conditions (not normal flow)",
                    "- Provide context: what, why, relevant data",
                    "- Create specific exception types for different failures",
                    "- Include actionable information in message",
                    "- Don't expose sensitive data in messages"
                  ]
                },
                "dont": {
                  "description": "Don't use exceptions for normal control flow or return error codes",
                  "content": [
                    "Don't use exceptions for normal control flow",
                    "Don't swallow exceptions silently",
                    "Don't return error codes from modern APIs",
                    "",
                    "Wrong Examples (misused exceptions):",
                    "- try { user = findUser(); } catch { user = createUser(); } // normal flow",
                    "- catch (e) { } // swallowing exception",
                    "- return -1; // error code instead of exception",
                    "- throw new Error('Error') // uninformative message",
                    "",
                    "Exception Misuse Indicators (REFACTOR):",
                    "- Exceptions for expected conditions (empty array, null result)",
                    "- Empty catch blocks silencing errors",
                    "- Generic Error without specific type",
                    "- Error codes (-1, 0, 1) instead of exceptions",
                    "- Exception messages without context",
                    "",
                    "Instead:",
                    "- Use null/optional for 'not found' (expected)",
                    "- Log and/or rethrow exceptions (never swallow)",
                    "- Create specific exception types",
                    "- Include context in error messages",
                    "- Reserve exceptions for truly exceptional cases"
                  ]
                }
              }
            ],
            "scanner": "agile_bot.bots.base_bot.src.scanners.exception_handling_scanner.ExceptionHandlingScanner"
          },
          "scanner_status": {
            "status": "EXECUTED",
            "scanner_path": "agile_bot.bots.base_bot.src.scanners.exception_handling_scanner.ExceptionHandlingScanner",
            "execution_status": "EXECUTION_SUCCESS",
            "violations_found": 0
          },
          "scanner_results": {
            "file_by_file": {
              "violations": []
            },
            "cross_file": {
              "violations": []
            }
          }
        },
        {
          "rule_file": "use_explicit_dependencies.json",
          "rule_content": {
            "description": "CRITICAL: Make dependencies visible through constructor injection. Pass dependencies through constructors, make all dependencies explicit and visible, and use dependency injection for flexibility.",
            "examples": [
              {
                "do": {
                  "description": "Make dependencies explicit and inject them",
                  "content": [
                    "Pass dependencies through constructors",
                    "Make all dependencies explicit and visible",
                    "Use dependency injection for flexibility and testability",
                    "Dependencies visible in constructor signature",
                    "",
                    "Correct Examples (explicit dependencies):",
                    "class OrderService {",
                    "  constructor(",
                    "    private repository: OrderRepository,",
                    "    private emailService: EmailService,",
                    "    private logger: Logger",
                    "  ) {}",
                    "  ",
                    "  processOrder(order) {",
                    "    this.repository.save(order);",
                    "    this.emailService.sendConfirmation(order);",
                    "  }",
                    "}",
                    "",
                    "Explicit Dependency Benefits:",
                    "- Clear what class needs to function",
                    "- Easy to test (inject mocks)",
                    "- No hidden global dependencies",
                    "- Flexible (can swap implementations)",
                    "- Dependencies visible in constructor"
                  ]
                },
                "dont": {
                  "description": "Don't use hidden global state or create dependencies inside classes",
                  "content": [
                    "Don't use hidden global state",
                    "Don't create dependencies inside classes (new Database())",
                    "Don't access singletons directly",
                    "",
                    "Wrong Examples (hidden dependencies):",
                    "class OrderService {",
                    "  processOrder(order) {",
                    "    Database.save(order);           // hidden singleton dependency",
                    "    EmailService.send(order);       // hidden singleton dependency",
                    "    globalLogger.log('processed');  // hidden global dependency",
                    "  }",
                    "}",
                    "",
                    "Hidden Dependency Indicators (REFACTOR):",
                    "- Using global variables/singletons directly",
                    "- Creating dependencies with 'new' inside class",
                    "- Importing modules for side effects",
                    "- Static method calls to external services",
                    "- No constructor parameters despite external dependencies",
                    "",
                    "Refactoring to Explicit Dependencies:",
                    "- Move all 'new' calls out of class",
                    "- Pass dependencies through constructor",
                    "- Replace singleton access with injected interface",
                    "- Make every external dependency a constructor parameter",
                    "- Use dependency injection container for wiring"
                  ]
                }
              }
            ],
            "scanner": "agile_bot.bots.base_bot.src.scanners.explicit_dependencies_scanner.ExplicitDependenciesScanner"
          },
          "scanner_status": {
            "status": "EXECUTED",
            "scanner_path": "agile_bot.bots.base_bot.src.scanners.explicit_dependencies_scanner.ExplicitDependenciesScanner",
            "execution_status": "EXECUTION_SUCCESS",
            "violations_found": 0
          },
          "scanner_results": {
            "file_by_file": {
              "violations": []
            },
            "cross_file": {
              "violations": []
            }
          }
        },
        {
          "rule_file": "use_natural_english.json",
          "rule_content": {
            "description": "CRITICAL: Code must use natural English for method names, variable names, and relationships. Use 'many' for collections, 'may' for optional, 'will' for required. Don't use technical notation or abbreviations.",
            "scanner": "agile_bot.bots.base_bot.src.scanners.natural_english_code_scanner.NaturalEnglishCodeScanner",
            "examples": [
              {
                "do": {
                  "description": "Use natural English in code",
                  "content": [
                    "Use descriptive method names in natural English",
                    "Use 'many' for collections (get_many_positions)",
                    "Use 'may' for optional (may_find_position)",
                    "Use 'will' for required (will_create_portfolio)",
                    "",
                    "Correct Examples (natural English):",
                    "class WealthAdvisor:",
                    "    def create_portfolio(self, client: Client, strategy: InvestmentStrategy) -> Portfolio:",
                    "        # 'Create' - required action",
                    "        pass",
                    "",
                    "    def get_portfolio(self) -> Optional[Portfolio]:",
                    "        # 'Get' - may return None, but method name doesn't need 'may'",
                    "        return self._portfolio",
                    "",
                    "    def may_update_portfolio(self, portfolio: Portfolio) -> bool:",
                    "        # 'May' - optional action",
                    "        return self._can_update(portfolio)",
                    "",
                    "    def get_many_clients(self) -> List[Client]:",
                    "        # 'Get many' - accessing collection",
                    "        return self._clients",
                    "",
                    "class Holdings:",
                    "    def get_many_positions(self) -> List[Position]:",
                    "        # 'Get many' - accessing collection",
                    "        return self._positions",
                    "",
                    "    def may_find_position(self, symbol: str) -> Optional[Position]:",
                    "        # 'May find' - optional, may not exist",
                    "        return self._positions.get(symbol)"
                  ]
                },
                "dont": {
                  "description": "Don't use technical notation or abbreviations",
                  "content": [
                    "Don't use abbreviations or technical notation",
                    "Don't use cryptic names",
                    "",
                    "Wrong Examples (technical notation):",
                    "class WealthAdvisor:",
                    "    def get_portfolio_0_1(self) -> Optional[Portfolio]:",
                    "        # Technical notation in name",
                    "        pass",
                    "",
                    "    def get_clients_1_star(self) -> List[Client]:",
                    "        # Technical notation",
                    "        pass",
                    "",
                    "    def update_portfolio_optional(self, portfolio: Portfolio):",
                    "        # 'optional' suffix instead of 'may'",
                    "        pass",
                    "",
                    "Technical Notation Indicators (REFACTOR):",
                    "- Method names with '0_1', '1_star', 'optional', 'nullable'",
                    "- Abbreviations instead of full words",
                    "- Cryptic names that require domain knowledge to understand"
                  ]
                }
              }
            ]
          },
          "scanner_status": {
            "status": "EXECUTED",
            "scanner_path": "agile_bot.bots.base_bot.src.scanners.natural_english_code_scanner.NaturalEnglishCodeScanner",
            "execution_status": "EXECUTION_SUCCESS",
            "violations_found": 0
          },
          "scanner_results": {
            "file_by_file": {
              "violations": []
            },
            "cross_file": {
              "violations": []
            }
          }
        },
        {
          "rule_file": "use_resource_oriented_design.json",
          "rule_content": {
            "description": "CRITICAL: Code must use resource-oriented, object-oriented design. Use object-oriented classes (singular or collection) with responsibilities that encapsulate logic over manager/doer/loader patterns. Maximize encapsulation through collaborator relationships.",
            "scanner": "agile_bot.bots.base_bot.src.scanners.resource_oriented_code_scanner.ResourceOrientedCodeScanner",
            "examples": [
              {
                "do": {
                  "description": "Use resource-oriented classes",
                  "content": [
                    "Create object-oriented classes (singular or collection)",
                    "Encapsulate logic in classes, not separate manager classes",
                    "Use collection classes (Behaviors, Rules, Holdings) instead of managers",
                    "",
                    "Correct Examples (resource-oriented):",
                    "class Portfolio:",
                    "    def __init__(self, account_id: AccountId, risk_tolerance: RiskTolerance):",
                    "        self.account_id = account_id",
                    "        self.risk_tolerance = risk_tolerance",
                    "",
                    "    @property",
                    "    def holdings(self) -> Holdings:",
                    "        if not hasattr(self, '_holdings'):",
                    "            self._holdings = Holdings(self)",
                    "        return self._holdings",
                    "",
                    "class Holdings:",
                    "    def __init__(self, portfolio: Portfolio):",
                    "        self._portfolio = portfolio",
                    "        self._positions = []",
                    "",
                    "    def get_many_positions(self) -> List[Position]:",
                    "        return list(self._positions)"
                  ]
                },
                "dont": {
                  "description": "Don't create manager/doer/loader classes",
                  "content": [
                    "Don't create classes ending in 'Manager', 'Loader', 'Handler', 'Doer'",
                    "Don't separate loading logic from domain concepts",
                    "",
                    "Wrong Examples (manager pattern):",
                    "class PortfolioManager:",
                    "    def __init__(self, file_system):",
                    "        self.file_system = file_system",
                    "",
                    "    def get_holdings(self, client_id, account_id):",
                    "        return self._load_holdings(client_id, account_id)",
                    "",
                    "    def calculate_total_value(self, holdings):",
                    "        return sum(h.value for h in holdings)",
                    "",
                    "class HoldingsLoader:",
                    "    def __init__(self, file_system):",
                    "        self.file_system = file_system",
                    "",
                    "    def load_holdings(self, client_id, account_id):",
                    "        pass",
                    "",
                    "Manager Pattern Indicators (REFACTOR):",
                    "- Classes ending in 'Manager', 'Loader', 'Handler', 'Doer'",
                    "- Classes that operate on other domain concepts without being part of them",
                    "- Classes that expose loading/storage mechanisms instead of domain concepts"
                  ]
                }
              }
            ]
          },
          "scanner_status": {
            "status": "EXECUTED",
            "scanner_path": "agile_bot.bots.base_bot.src.scanners.resource_oriented_code_scanner.ResourceOrientedCodeScanner",
            "execution_status": "EXECUTION_SUCCESS",
            "violations_found": 0
          },
          "scanner_results": {
            "file_by_file": {
              "violations": []
            },
            "cross_file": {
              "violations": []
            }
          }
        }
      ],
      "content_to_validate": null,
      "report_path": "C:\\dev\\augmented-teams\\agile_bot\\bots\\base_bot\\docs\\stories\\reports\\code-validation-report-2025-12-30_03-09-17.md",
      "report_link": "[docs\\stories\\reports\\code-validation-report-2025-12-30_03-09-17.md](vscode://file/C:/dev/augmented-teams/agile_bot/bots/base_bot/docs/stories/reports/code-validation-report-2025-12-30_03-09-17.md)"
    }
  }
}



Do NOT ask questions or wait for user input - just complete the work autonomously.

If blocked, report reason clearly.
[2025-12-30 03:09:21] Recoverable error: cursor-agent failed (exit 126): /bin/bash: line 1: /usr/bin/bash: Argument list too long. Attempt 1
[2025-12-30 03:09:23] Session session_20251230_030921 started
[2025-12-30 03:09:23] Instructions: Keep doing this until 100% done or blocked:

Keep doing this until 100% done or blocked:

{
  "status": "success",
  "behavior": "code",
  "action": "validate",
  "data": {
    "instructions": {
      "action": "validate",
      "behavior": "code",
      "base_instructions": [
        "## Step 1: Scanner Violation Review",
        "",
        "{{scanner_output}}",
        "",
        "Carefully review all scanner-reported violations as follows:",
        "1. For each violation message, locate the corresponding element in the knowledge graph.",
        "2. Open the relevant rule file and read all DO and DON'T examples thoroughly.",
        "3. Decide if the violation is **Valid** (truly a rule breach per examples) or a **False Positive** (explain why if so).",
        "4. Determine the **Root Cause** (e.g., 'incorrect concept naming', 'missing actor', etc.).",
        "5. Assign a **Theme** grouping based on the type of issue (e.g., 'noun-only naming', 'incomplete acceptance criteria').",
        "6. Extract an **Example** from the actual code/content showing the problem.",
        "7. Suggest a clear, concrete **Fix** with a code example informed by DO examples in the rule.",
        "",
        "## Step 2: Manual Rule Review",
        "",
        "{{rules}}",
        "",
        "Scanner tools don't cover or catch every rule violation. Do a second pass:",
        "1. Carefully read each rule file, fully reviewing DO and DON'T sections, and every provided example.",
        "2. Inspect {scope} for compliance.",
        "3. Compare the properties and content of each element against the rule's requirements.",
        "4. Document any violations the scanner could not find.",
        "5. For each violation, extract an **Example** showing the problem and provide a **Fix** with code example.",
        "",
        "## Unified Violations Table",
        "",
        "Record ALL findings (scanner + manual) in this comprehensive table. Only include rows for actual violations found:",
        "",
        "| Theme | Rule | Location | Valid/FP | Source | Root Cause | Problem Example | Fix with Code Example |",
        "|-------|------|----------|----------|--------|------------|-----------------|----------------------|",
        "",
        "**Column Guide:**",
        "- **Theme**: Grouping category (e.g., 'naming violations', 'missing behavior', 'mechanism-oriented language')",
        "- **Rule**: Name of the rule being violated",
        "- **Location**: Path in knowledge graph (e.g., `epics[1].sub_epics[0].name`) or file path",
        "- **Valid/FP**: Valid if rule breach, False Positive if incorrectly flagged (explain why)",
        "- **Source**: Scanner (detected by automated scanner), Manual (found during AI review), Both (flagged by scanner AND confirmed by manual review)",
        "- **Root Cause**: Underlying reason for the violation",
        "- **Problem Example**: Actual code/text showing the issue (e.g., `\"Strategy Types\"`, `\"Create Mobs\"`)",
        "- **Fix with Code Example**: Corrected version (e.g., `\"Select Strategy\"`, `\"Assembles Combat Mob\"`)",
        "",
        "## Step 3: Summarize Findings & Recommendations",
        "",
        "Provide a concise summary:",
        "- Report how many **scanner violations** were valid vs false positives.",
        "- Enumerate any **additional manual findings** not caught by scanners.",
        "- Group all violations by recurring theme or pattern.",
        "- Split violations into **Priority Fixes** (must resolve before continuing) and **Optional Improvements**.",
        "",
        "Present your summary and await user confirmation before automatically applying or proposing corrections.",
        "\n=== SCANNER EXECUTION STATUS ===",
        "Successfully Executed: 30",
        "Load Failed: 0",
        "Execution Failed: 0",
        "No Scanner: 2",
        "",
        "All scanners executed successfully.",
        "=== END SCANNER STATUS ===\n",
        "Based on code scanner diagnostics, edit the knowledge graph to fix violations:",
        "Rule avoid_unnecessary_parameter_passing.json: 4 file-by-file, 0 cross-file violations",
        "Rule chain_dependencies_properly.json: 4 file-by-file, 0 cross-file violations",
        "Rule enforce_encapsulation.json: 1 file-by-file, 0 cross-file violations",
        "Rule keep_classes_small_with_single_responsibility.json: 1 file-by-file, 0 cross-file violations",
        "Rule keep_functions_small_focused.json: 1 file-by-file, 0 cross-file violations",
        "Rule maintain_vertical_density.json: 3 file-by-file, 0 cross-file violations",
        "Rule never_swallow_exceptions.json: 1 file-by-file, 0 cross-file violations",
        "Rule simplify_control_flow.json: 2 file-by-file, 0 cross-file violations",
        "Rule stop_writing_useless_comments.json: 14 file-by-file, 0 cross-file violations",
        "Rule use_domain_language.json: 35 file-by-file, 0 cross-file violations",
        "Review each violation and update the knowledge graph accordingly.",
        "\nValidation report: [docs\\stories\\reports\\code-validation-report-2025-12-30_03-09-17.md](vscode://file/C:/dev/augmented-teams/agile_bot/bots/base_bot/docs/stories/reports/code-validation-report-2025-12-30_03-09-17.md)"
      ],
      "validation_rules": [
        {
          "rule_file": "avoid_excessive_guards.json",
          "rule_content": {
            "description": "Excessive guard clauses add to cyclomatic complexity and make code harder to read. Centralize error handling in one place rather than scattering defensive checks throughout the code. Let code fail fast with clear errors rather than silently handling missing components.",
            "examples": [
              {
                "do": {
                  "description": "Centralize error handling and let code fail fast",
                  "content": [
                    "Assume components are properly initialized",
                    "Let exceptions propagate to centralized error handlers",
                    "Use type hints and contracts to document expectations",
                    "Fail fast with clear error messages",
                    "",
                    "Correct Examples (no excessive guards):",
                    "- Direct access: self.knowledge.instructions (assumes knowledge exists)",
                    "- Direct property: self.behavior.bot_paths (assumes behavior exists)",
                    "- Direct method call: file.read_text() (let it fail if file missing)",
                    "",
                    "Centralized Error Handling:",
                    "- Handle errors at boundaries (API endpoints, CLI entry points)",
                    "- Use decorators or middleware for common error handling",
                    "- Let exceptions bubble up to appropriate handler",
                    "- Document expected state in docstrings/type hints",
                    "",
                    "Fail Fast Principles:",
                    "- Remove defensive checks that hide problems",
                    "- Trust initialization and setup",
                    "- Use assertions for invariants in development",
                    "- Let type system catch errors where possible"
                  ]
                },
                "dont": {
                  "description": "Don't scatter defensive checks throughout code",
                  "content": [
                    "Don't check if every variable exists before using it",
                    "Don't use hasattr() checks everywhere",
                    "Don't check file.exists() before reading",
                    "Don't check isinstance() defensively",
                    "Don't check variable truthiness before every operation",
                    "",
                    "Wrong Examples (excessive guards):",
                    "- if self.knowledge and self.knowledge.instructions: (assume knowledge exists)",
                    "- if file.exists(): file.read() (let read fail if missing)",
                    "- if hasattr(obj, 'attr'): obj.attr (assume attr exists)",
                    "- if isinstance(obj, Type): obj.method() (trust type system)",
                    "- Multiple if checks in same function for None/existence",
                    "",
                    "Excessive Guard Indicators:",
                    "- Multiple if/None checks in same function",
                    "- hasattr() checks before attribute access",
                    "- File existence checks before file operations",
                    "- isinstance() checks used defensively (not for polymorphism)",
                    "- Variable truthiness checks before every operation",
                    "- Guard clauses that silently return None/empty",
                    "- Defensive checks that hide initialization problems",
                    "",
                    "Refactoring Strategies:",
                    "- Remove guards and let code fail fast",
                    "- Centralize error handling at boundaries",
                    "- Use type hints to document expectations",
                    "- Trust initialization and setup",
                    "- Move error handling to appropriate layer",
                    "- Use exceptions instead of silent failures"
                  ]
                }
              }
            ],
            "scanner": "agile_bot.bots.base_bot.src.scanners.excessive_guards_scanner.ExcessiveGuardsScanner"
          },
          "scanner_status": {
            "status": "EXECUTED",
            "scanner_path": "agile_bot.bots.base_bot.src.scanners.excessive_guards_scanner.ExcessiveGuardsScanner",
            "execution_status": "EXECUTION_SUCCESS",
            "violations_found": 0
          },
          "scanner_results": {
            "file_by_file": {
              "violations": []
            },
            "cross_file": {
              "violations": []
            }
          }
        },
        {
          "rule_file": "avoid_unnecessary_parameter_passing.json",
          "rule_content": {
            "description": "Don't pass parameters to internal methods when the value is already accessible through instance variables. Access instance properties directly instead of passing them around unnecessarily.",
            "examples": [
              {
                "do": {
                  "description": "Access instance properties directly in internal methods",
                  "content": [
                    "Use self.property_name directly in internal methods",
                    "Access instance variables through self",
                    "Only pass parameters when they're not available through self",
                    "",
                    "Correct Examples (direct access):",
                    "- self._load_render_instructions() instead of self._load_render_instructions(self.behavior.folder)",
                    "- self._find_render_folder() instead of self._find_render_folder(self.behavior.folder)",
                    "- Direct access: self.behavior.bot_paths instead of passing bot_paths parameter",
                    "",
                    "When Parameters Are Appropriate:",
                    "- External API methods that need explicit parameters",
                    "- Public methods that are part of the interface",
                    "- Methods that need different values than what's in self",
                    "- Methods that operate on passed-in data structures",
                    "",
                    "Internal Method Pattern:",
                    "- Private methods (_method_name) should use self directly",
                    "- Helper methods should access instance state through self",
                    "- Only pass parameters for values not in instance state"
                  ]
                },
                "dont": {
                  "description": "Don't pass instance properties as parameters to internal methods",
                  "content": [
                    "Don't pass self.property as parameter to internal method",
                    "Don't extract instance variable just to pass it to another method",
                    "Don't pass properties that are already accessible through self",
                    "",
                    "Wrong Examples (unnecessary passing):",
                    "- behavior_folder = self.behavior.folder; self._load(behavior_folder)",
                    "- bot_paths = self.behavior.bot_paths; self._process(bot_paths)",
                    "- working_dir = self.working_dir; self._do_something(working_dir)",
                    "",
                    "Unnecessary Parameter Passing Indicators:",
                    "- Variable extracted from self just before method call",
                    "- Parameter passed to method that could access self.property directly",
                    "- Internal method receives parameter that matches instance property",
                    "- Same value passed through multiple method calls",
                    "",
                    "Refactoring Strategies:",
                    "- Remove parameter from method signature",
                    "- Access property directly through self in method body",
                    "- Remove intermediate variable extraction",
                    "- Simplify method calls to not pass instance properties"
                  ]
                }
              }
            ],
            "scanner": "agile_bot.bots.base_bot.src.scanners.unnecessary_parameter_passing_scanner.UnnecessaryParameterPassingScanner"
          },
          "scanner_status": {
            "status": "EXECUTED",
            "scanner_path": "agile_bot.bots.base_bot.src.scanners.unnecessary_parameter_passing_scanner.UnnecessaryParameterPassingScanner",
            "execution_status": "EXECUTION_SUCCESS",
            "violations_found": 4
          },
          "scanner_results": {
            "file_by_file": {
              "violations": [
                {
                  "rule": "avoid_unnecessary_parameter_passing",
                  "rule_file": "avoid_unnecessary_parameter_passing.json",
                  "violation_message": "Internal method \"_run_with_streaming\" receives parameter \"timeout\" that matches instance attribute. Consider accessing via self.timeout instead.",
                  "severity": "warning",
                  "line_number": 129,
                  "location": "C:\\dev\\augmented-teams\\agile_bot\\bots\\base_bot\\src\\repl_cli\\headless\\cursor_api.py"
                },
                {
                  "rule": "avoid_unnecessary_parameter_passing",
                  "rule_file": "avoid_unnecessary_parameter_passing.json",
                  "violation_message": "Internal method \"_run_cursor_agent\" receives parameter \"timeout\" that matches instance attribute. Consider accessing via self.timeout instead.",
                  "severity": "warning",
                  "line_number": 269,
                  "location": "C:\\dev\\augmented-teams\\agile_bot\\bots\\base_bot\\src\\repl_cli\\headless\\cursor_api.py"
                },
                {
                  "rule": "avoid_unnecessary_parameter_passing",
                  "rule_file": "avoid_unnecessary_parameter_passing.json",
                  "violation_message": "Internal method \"_run_via_wsl\" receives parameter \"timeout\" that matches instance attribute. Consider accessing via self.timeout instead.",
                  "severity": "warning",
                  "line_number": 285,
                  "location": "C:\\dev\\augmented-teams\\agile_bot\\bots\\base_bot\\src\\repl_cli\\headless\\cursor_api.py"
                },
                {
                  "rule": "avoid_unnecessary_parameter_passing",
                  "rule_file": "avoid_unnecessary_parameter_passing.json",
                  "violation_message": "Internal method \"_run_directly\" receives parameter \"timeout\" that matches instance attribute. Consider accessing via self.timeout instead.",
                  "severity": "warning",
                  "line_number": 362,
                  "location": "C:\\dev\\augmented-teams\\agile_bot\\bots\\base_bot\\src\\repl_cli\\headless\\cursor_api.py"
                }
              ]
            },
            "cross_file": {
              "violations": []
            }
          }
        },
        {
          "rule_file": "chain_dependencies_properly.json",
          "rule_content": {
            "description": "CRITICAL: Code must chain dependencies properly with constructor injection. Map dependencies in a chain: highest-level object \u2192 collaborator \u2192 sub-collaborator. Inject collaborators at construction time so methods can use them without passing them as parameters. Access sub-collaborators through their owning objects.",
            "scanner": "agile_bot.bots.base_bot.src.scanners.dependency_chaining_code_scanner.DependencyChainingCodeScanner",
            "examples": [
              {
                "do": {
                  "description": "Chain dependencies properly with constructor injection",
                  "content": [
                    "Inject collaborators at construction time (__init__)",
                    "Methods use injected collaborators without re-passing them",
                    "Access sub-collaborators through owning objects",
                    "",
                    "Correct Examples (constructor injection):",
                    "class WealthAdvisor:",
                    "    def __init__(self, client: Client, investment_strategy: InvestmentStrategy):",
                    "        self.client = client  # injected at construction",
                    "        self.investment_strategy = investment_strategy",
                    "",
                    "    def create_portfolio(self) -> Portfolio:",
                    "        # Uses injected collaborators - dependencies shown here",
                    "        account_id = self.client.account_id",
                    "        risk_tolerance = self.get_risk_tolerance()",
                    "        return Portfolio(account_id, risk_tolerance)",
                    "",
                    "    def get_portfolio(self) -> Portfolio:",
                    "        # No dependencies needed - portfolio already created",
                    "        return self._portfolio",
                    "",
                    "    def get_risk_tolerance(self) -> RiskTolerance:",
                    "        # Gets strategy from client (client owns it)",
                    "        client_strategy = self.client.investment_strategy",
                    "        return self._calculate_risk_tolerance(",
                    "            self.client.risk_profile,",
                    "            client_strategy.risk_tolerance",
                    "        )"
                  ]
                },
                "dont": {
                  "description": "Don't skip levels or expose all dependencies in every method",
                  "content": [
                    "Don't skip levels in dependency chain",
                    "Don't list every dependency in every method signature",
                    "Don't access sub-collaborators directly when they belong to another object",
                    "",
                    "Wrong Examples (skipping levels):",
                    "class WealthAdvisor:",
                    "    def create_portfolio(self, account_id: AccountId, risk_tolerance: RiskTolerance,",
                    "                        asset_allocation: AssetAllocation):",
                    "        # Too many dependencies, skipping Client and InvestmentStrategy levels",
                    "        return Portfolio(account_id, risk_tolerance)",
                    "",
                    "Dependency Chain Violation Indicators (REFACTOR):",
                    "- Methods taking dependencies that should be accessed through owning objects",
                    "- Skipping levels in dependency chain (A \u2192 C instead of A \u2192 B \u2192 C)",
                    "- Every method listing all dependencies instead of using injected collaborators"
                  ]
                }
              }
            ]
          },
          "scanner_status": {
            "status": "EXECUTED",
            "scanner_path": "agile_bot.bots.base_bot.src.scanners.dependency_chaining_code_scanner.DependencyChainingCodeScanner",
            "execution_status": "EXECUTION_SUCCESS",
            "violations_found": 4
          },
          "scanner_results": {
            "file_by_file": {
              "violations": [
                {
                  "rule": "chain_dependencies_properly",
                  "rule_file": "chain_dependencies_properly.json",
                  "violation_message": "Method \"_run_with_streaming\" in class \"CursorHeadlessAPI\" takes parameter \"timeout\" that is already injected in __init__. Use self.timeout instead.\n\n```python\n            raise RecoverableError('cursor-agent timed out')\n    \n    def _run_with_streaming(self, cmd: List[str], timeout: int) -> subprocess.CompletedProcess:\n        \"\"\"Run command with real-time streaming output.\"\"\"\n        import time\n    # ... (truncated)\n```",
                  "severity": "warning",
                  "line_number": 129,
                  "location": "C:\\dev\\augmented-teams\\agile_bot\\bots\\base_bot\\src\\repl_cli\\headless\\cursor_api.py"
                },
                {
                  "rule": "chain_dependencies_properly",
                  "rule_file": "chain_dependencies_properly.json",
                  "violation_message": "Method \"_run_cursor_agent\" in class \"CursorHeadlessAPI\" takes parameter \"timeout\" that is already injected in __init__. Use self.timeout instead.\n\n```python\n                sys.stdout.flush()\n    \n    def _run_cursor_agent(self, prompt: str, timeout: int, resume_chat_id: Optional[str] = None) -> subprocess.CompletedProcess:\n        \"\"\"Run cursor-agent CLI command.\n        \n    # ... (truncated)\n```",
                  "severity": "warning",
                  "line_number": 269,
                  "location": "C:\\dev\\augmented-teams\\agile_bot\\bots\\base_bot\\src\\repl_cli\\headless\\cursor_api.py"
                },
                {
                  "rule": "chain_dependencies_properly",
                  "rule_file": "chain_dependencies_properly.json",
                  "violation_message": "Method \"_run_via_wsl\" in class \"CursorHeadlessAPI\" takes parameter \"timeout\" that is already injected in __init__. Use self.timeout instead.\n\n```python\n            return self._run_directly(prompt, timeout, resume_chat_id)\n    \n    def _run_via_wsl(self, prompt: str, timeout: int, resume_chat_id: Optional[str] = None) -> subprocess.CompletedProcess:\n        \"\"\"Run cursor-agent via WSL Ubuntu on Windows.\"\"\"\n        import tempfile\n    # ... (truncated)\n```",
                  "severity": "warning",
                  "line_number": 285,
                  "location": "C:\\dev\\augmented-teams\\agile_bot\\bots\\base_bot\\src\\repl_cli\\headless\\cursor_api.py"
                },
                {
                  "rule": "chain_dependencies_properly",
                  "rule_file": "chain_dependencies_properly.json",
                  "violation_message": "Method \"_run_directly\" in class \"CursorHeadlessAPI\" takes parameter \"timeout\" that is already injected in __init__. Use self.timeout instead.\n\n```python\n                    pass\n    \n    def _run_directly(self, prompt: str, timeout: int, resume_chat_id: Optional[str] = None) -> subprocess.CompletedProcess:\n        \"\"\"Run cursor-agent directly on Linux/Mac.\"\"\"\n        if self.stream:\n    # ... (truncated)\n```",
                  "severity": "warning",
                  "line_number": 362,
                  "location": "C:\\dev\\augmented-teams\\agile_bot\\bots\\base_bot\\src\\repl_cli\\headless\\cursor_api.py"
                }
              ]
            },
            "cross_file": {
              "violations": []
            }
          }
        },
        {
          "rule_file": "classify_exceptions_by_caller_needs.json",
          "rule_content": {
            "description": "Design exceptions based on how callers will handle them. Create exception types based on caller's needs, use special case objects for predictable failures, and wrap third-party exceptions at boundaries.",
            "examples": [
              {
                "do": {
                  "description": "Design exceptions based on how they will be handled",
                  "content": [
                    "Create exception types based on caller's needs",
                    "Use special case objects for predictable failures",
                    "Wrap third-party exceptions at boundaries",
                    "Group similar failures into single exception type if handled same way",
                    "",
                    "Correct Examples (caller-focused exceptions):",
                    "- NetworkException (caller: retry logic)",
                    "- ValidationException (caller: show form errors)",
                    "- AuthorizationException (caller: redirect to login)",
                    "- class NullUser extends User { ... } // special case object",
                    "",
                    "Exception Design Requirements:",
                    "- Exception type reflects how caller handles it",
                    "- Similar handling = same exception type",
                    "- Different handling = different exception type",
                    "- Wrap third-party exceptions to avoid leaking dependencies",
                    "- Use special case pattern for predictable null/empty cases"
                  ]
                },
                "dont": {
                  "description": "Don't create exception hierarchies by component only",
                  "content": [
                    "Don't create exception hierarchies by component/type only",
                    "Don't force callers to handle many similar exception types",
                    "Don't leak third-party exception types",
                    "",
                    "Wrong Examples (component-focused exceptions):",
                    "- DatabaseConnectionException, DatabaseQueryException, DatabaseUpdateException",
                    "  (if caller handles all same way, use single DatabaseException)",
                    "- Catching SQLException throughout codebase (leak third-party type)",
                    "- 20 different exception types caller must handle individually",
                    "",
                    "Poor Exception Design Indicators (REFACTOR):",
                    "- Exception hierarchy based on technical components",
                    "- Many exception types handled identically",
                    "- Third-party exceptions used directly in business logic",
                    "- Callers forced to catch many similar exceptions",
                    "",
                    "Refactoring Strategy:",
                    "- Group exceptions by how caller handles them",
                    "- Create wrapper exceptions at boundaries",
                    "- Use special case objects instead of null checks",
                    "- Reduce exception types caller must know about",
                    "",
                    "Example wrapper:",
                    "try {",
                    "  return thirdPartyLib.call();",
                    "} catch (ThirdPartyException e) {",
                    "  throw new OurDomainException(e);",
                    "}"
                  ]
                }
              }
            ],
            "scanner": "agile_bot.bots.base_bot.src.scanners.exception_classification_scanner.ExceptionClassificationScanner"
          },
          "scanner_status": {
            "status": "EXECUTED",
            "scanner_path": "agile_bot.bots.base_bot.src.scanners.exception_classification_scanner.ExceptionClassificationScanner",
            "execution_status": "EXECUTION_SUCCESS",
            "violations_found": 0
          },
          "scanner_results": {
            "file_by_file": {
              "violations": []
            },
            "cross_file": {
              "violations": []
            }
          }
        },
        {
          "rule_file": "delegate_to_lowest_level.json",
          "rule_content": {
            "description": "CRITICAL: Code must delegate responsibilities to the lowest-level object that can handle them. If a collection class can do something, delegate to it rather than implementing it in the parent.",
            "scanner": "agile_bot.bots.base_bot.src.scanners.delegation_code_scanner.DelegationCodeScanner",
            "examples": [
              {
                "do": {
                  "description": "Delegate to lowest-level objects",
                  "content": [
                    "Parent objects delegate to collection classes",
                    "Collection classes handle their own responsibilities directly",
                    "Methods take what they need directly, not through parent",
                    "",
                    "Correct Examples (delegation to lowest level):",
                    "class Bot:",
                    "    def __init__(self, name: str, workspace: Workspace):",
                    "        self.name = name",
                    "        self.workspace = workspace",
                    "        self.behaviors = Behaviors(self)  # injected",
                    "",
                    "    def find_behavior_by_name(self, name: str) -> Optional[Behavior]:",
                    "        # Delegates to Behaviors - the lowest level that can do this",
                    "        return self.behaviors.find_by_name(name)",
                    "",
                    "class Behaviors:",
                    "    def __init__(self, bot: Bot):",
                    "        self.bot = bot",
                    "",
                    "    def find_by_name(self, name: str) -> Optional[Behavior]:",
                    "        # Lowest level - does the actual finding",
                    "        # Takes name directly, not through bot",
                    "        return self._behaviors.get(name)"
                  ]
                },
                "dont": {
                  "description": "Don't implement responsibilities in parent when child can handle them",
                  "content": [
                    "Don't have parent objects doing what child objects should do",
                    "Don't create unnecessary delegation chains",
                    "",
                    "Wrong Examples (parent doing child's work):",
                    "class Bot:",
                    "    def find_behavior_by_name(self, name: str) -> Optional[Behavior]:",
                    "        # Bot doing what Behaviors should do",
                    "        for behavior in self.behaviors:",
                    "            if behavior.name == name:",
                    "                return behavior",
                    "        return None",
                    "",
                    "# BAD: Unnecessary delegation chain",
                    "class Bot:",
                    "    def find_behavior_by_name(self, name: str) -> Optional[Behavior]:",
                    "        return self.behaviors.find_behavior(name)  # Behaviors delegates again?",
                    "",
                    "class Behaviors:",
                    "    def find_behavior(self, name: str) -> Optional[Behavior]:",
                    "        return self.finder.find(name)  # Unnecessary extra level",
                    "",
                    "class BehaviorFinder:  # Unnecessary abstraction",
                    "    def find(self, name: str) -> Optional[Behavior]:",
                    "        pass",
                    "",
                    "Delegation Violation Indicators (REFACTOR):",
                    "- Parent objects implementing responsibilities that belong to child objects",
                    "- Unnecessary delegation chains (A delegates to B which delegates to C)",
                    "- Methods in parent that iterate through child collections instead of delegating"
                  ]
                }
              }
            ]
          },
          "scanner_status": {
            "status": "EXECUTED",
            "scanner_path": "agile_bot.bots.base_bot.src.scanners.delegation_code_scanner.DelegationCodeScanner",
            "execution_status": "EXECUTION_SUCCESS",
            "violations_found": 0
          },
          "scanner_results": {
            "file_by_file": {
              "violations": []
            },
            "cross_file": {
              "violations": []
            }
          }
        },
        {
          "rule_file": "detect_legacy_unused_code.json",
          "rule_content": {
            "description": "CRITICAL: Legacy code that is not used by any other code or front-end interfaces (CLI, MCP, web) should be removed. Unused code increases maintenance burden, creates confusion, and violates YAGNI (You Aren't Gonna Need It) principle.",
            "examples": [
              {
                "do": {
                  "description": "Remove unused code and keep codebase lean",
                  "content": [
                    "Delete classes/modules that are not imported anywhere",
                    "Remove functions/methods that are never called",
                    "Eliminate code not used by CLI, MCP, or other front-end interfaces",
                    "Keep only code that is actively used or referenced",
                    "",
                    "Correct Examples (clean codebase):",
                    "- All classes are imported and used by other modules",
                    "- All functions are called from somewhere in the codebase",
                    "- All modules are referenced by CLI, MCP, or test code",
                    "- No orphaned files or dead code paths",
                    "",
                    "Legacy Code Detection Requirements:",
                    "- Class/module must be imported by at least one other module",
                    "- Function/method must be called from production or test code",
                    "- Code must be accessible via CLI, MCP, or other front-end",
                    "- Test-only code must be in test directories and used by tests"
                  ]
                },
                "dont": {
                  "description": "Don't keep unused legacy code or orphaned modules",
                  "content": [
                    "Don't keep classes that are never imported",
                    "Don't maintain functions that are never called",
                    "Don't preserve modules not used by any front-end interface",
                    "Don't leave commented-out code 'for future use'",
                    "",
                    "Wrong Examples (legacy code):",
                    "class Router:",
                    "    def determine_next_action_from_state(self, state_file):",
                    "        # ... implementation ...",
                    "(class exists but never imported or used)",
                    "",
                    "def legacy_helper_function():",
                    "    # Old implementation",
                    "    pass",
                    "(function defined but never called)",
                    "",
                    "# Old router implementation - kept for reference",
                    "class OldRouter:",
                    "    ...",
                    "(commented or unused code kept 'just in case')",
                    "",
                    "Legacy Code Indicators (REMOVE):",
                    "- Class/module not imported by any other file",
                    "- Function/method never called (except test-only code)",
                    "- Code not accessible via CLI, MCP, or web interface",
                    "- Duplicate functionality replaced by newer implementation",
                    "- Test code for removed/deleted functionality",
                    "- Commented-out code blocks",
                    "",
                    "Detection Strategy:",
                    "- Scan all Python files for class/function definitions",
                    "- Check if each class/function is imported or called",
                    "- Verify code is accessible via front-end interfaces",
                    "- Flag orphaned code for removal",
                    "",
                    "Action Required:",
                    "- Remove unused classes/modules immediately",
                    "- Delete functions that are never called",
                    "- Clean up test code for removed functionality",
                    "- Use git history to retrieve deleted code if needed later",
                    "- Document removal in commit messages"
                  ]
                }
              }
            ]
          },
          "scanner_status": {
            "status": "NO_SCANNER",
            "scanner_path": null
          }
        },
        {
          "rule_file": "eliminate_duplication.json",
          "rule_content": {
            "description": "CRITICAL: Every piece of knowledge should have a single, authoritative representation (DRY principle). Extract repeated logic into reusable functions and use abstraction to capture common patterns.",
            "examples": [
              {
                "do": {
                  "description": "Eliminate duplication through abstraction and reuse",
                  "content": [
                    "Extract repeated logic into reusable functions",
                    "Use abstraction to capture common patterns",
                    "Apply DRY principle to both code and data",
                    "Create shared utilities for common operations",
                    "",
                    "Correct Examples (no duplication):",
                    "- Extract validation: validateUser(user) used everywhere",
                    "- Extract formatting: formatCurrency(amount) used everywhere",
                    "- Extract patterns: createResource(type, data) handles all resources",
                    "",
                    "DRY Requirements:",
                    "- Each concept has single source of truth",
                    "- Repeated logic extracted into functions",
                    "- Common patterns abstracted appropriately",
                    "- Configuration/data centralized, not duplicated",
                    "- Tests verify behavior, not implementation details",
                    "",
                    "Test Duplication Patterns to Extract:",
                    "- Repeated test setup \u2192 create fixtures/factories",
                    "- Common test assertions \u2192 create verification helpers (verify_*)",
                    "- Test data creation \u2192 create builders or test_helpers",
                    "- Workflow verification \u2192 create state helpers",
                    "- Example: verify_action_tracks_start(action, expected_state)"
                  ]
                },
                "dont": {
                  "description": "Don't copy-paste code or maintain multiple versions of same logic",
                  "content": [
                    "Don't copy-paste code blocks",
                    "Don't maintain multiple versions of same logic",
                    "Don't ignore structural duplication",
                    "",
                    "Wrong Examples (duplication):",
                    "- Same validation logic copied to 5 different functions",
                    "- Similar but slightly different functions (updateUser, updateAccount, updateProfile)",
                    "- Repeated patterns (createUser, createOrder, createProduct with identical structure)",
                    "",
                    "Duplication Indicators (REFACTOR):",
                    "- Copy-pasted code blocks",
                    "- Similar functions with minor variations",
                    "- Repeated patterns across multiple places",
                    "- Same business rules in multiple locations",
                    "- Identical error handling in many functions",
                    "- Repeated test setup across test files",
                    "- Same assertion patterns in multiple tests",
                    "",
                    "Refactoring Strategies:",
                    "- Extract common logic into shared functions",
                    "- Use parameters to handle variations",
                    "- Create base classes or mixins for shared behavior",
                    "- Use composition over duplication",
                    "- Centralize configuration and business rules",
                    "- For tests: Create test_helpers.py with verification functions",
                    "- For tests: Use fixtures for repeated setup",
                    "- For tests: Extract test data builders"
                  ]
                }
              }
            ],
            "scanner": "agile_bot.bots.base_bot.src.scanners.duplication_scanner.DuplicationScanner"
          },
          "scanner_status": {
            "status": "EXECUTED",
            "scanner_path": "agile_bot.bots.base_bot.src.scanners.duplication_scanner.DuplicationScanner",
            "execution_status": "EXECUTION_SUCCESS",
            "violations_found": 0
          },
          "scanner_results": {
            "file_by_file": {
              "violations": []
            },
            "cross_file": {
              "violations": []
            }
          }
        },
        {
          "rule_file": "enforce_encapsulation.json",
          "rule_content": {
            "description": "CRITICAL: Hide implementation details and expose minimal interface. Make fields private by default, expose behavior not data. NEVER pass raw dicts/lists that expose internal structure - use typed objects that encapsulate the data. Follow Law of Demeter (principle of least knowledge).",
            "examples": [
              {
                "do": {
                  "description": "Hide implementation details behind clean interfaces",
                  "content": [
                    "Make fields private by default",
                    "Expose behavior through methods, not raw data",
                    "Follow Law of Demeter (principle of least knowledge)",
                    "Provide minimal public interface",
                    "",
                    "Correct Examples (proper encapsulation):",
                    "class Order {",
                    "  private items: Item[];",
                    "  ",
                    "  addItem(item: Item) { ... }         // behavior",
                    "  removeItem(itemId: string) { ... }  // behavior",
                    "  calculateTotal(): number { ... }    // behavior",
                    "}",
                    "",
                    "Encapsulation Requirements:",
                    "- Private fields, public methods",
                    "- Methods expose behavior, not data",
                    "- No direct access to internal state",
                    "- Law of Demeter: only talk to immediate friends",
                    "- object.doSomething() not object.getPart().getPart().doSomething()"
                  ]
                },
                "dont": {
                  "description": "Don't use getters/setters as glorified public fields",
                  "content": [
                    "Don't use getters/setters as glorified public fields",
                    "Don't return references to mutable internal state",
                    "Don't chain method calls through multiple objects",
                    "",
                    "Wrong Examples (poor encapsulation):",
                    "class Order {",
                    "  getItems() { return this.items; }  // exposing mutable state",
                    "  setItems(items) { this.items = items; } // public field disguised",
                    "}",
                    "- customer.getOrder().getItems().add(item) // Law of Demeter violation",
                    "",
                    "Poor Encapsulation Indicators (REFACTOR):",
                    "- Getters/setters for every field (just use public fields)",
                    "- Returning mutable collections/objects",
                    "- Method chaining through internal structure",
                    "- Clients manipulating object internals",
                    "",
                    "Refactoring to Better Encapsulation:",
                    "- Instead of getItems(), provide addItem(), removeItem()",
                    "- Instead of getTotal(), calculate internally when needed",
                    "- Instead of customer.getOrder().addItem(), use customer.addItemToOrder()",
                    "- Return defensive copies if must return collections",
                    "- Focus on BEHAVIOR not data access"
                  ]
                }
              }
            ],
            "scanner": "agile_bot.bots.base_bot.src.scanners.encapsulation_scanner.EncapsulationScanner"
          },
          "scanner_status": {
            "status": "EXECUTED",
            "scanner_path": "agile_bot.bots.base_bot.src.scanners.encapsulation_scanner.EncapsulationScanner",
            "execution_status": "EXECUTION_SUCCESS",
            "violations_found": 1
          },
          "scanner_results": {
            "file_by_file": {
              "violations": [
                {
                  "rule": "enforce_encapsulation",
                  "rule_file": "enforce_encapsulation.json",
                  "violation_message": "Method \"_run_via_wsl\" in class \"CursorHeadlessAPI\" has Law of Demeter violation (method chain depth 3) - encapsulate access to related objects",
                  "severity": "warning",
                  "line_number": 298,
                  "location": "C:\\dev\\augmented-teams\\agile_bot\\bots\\base_bot\\src\\repl_cli\\headless\\cursor_api.py"
                }
              ]
            },
            "cross_file": {
              "violations": []
            }
          }
        },
        {
          "rule_file": "favor_code_representation.json",
          "rule_content": {
            "description": "CRITICAL: Code should represent domain concepts directly. Domain models should match code. If code doesn't match domain concepts, refactor the code rather than creating abstract domain models.",
            "scanner": "agile_bot.bots.base_bot.src.scanners.code_representation_code_scanner.CodeRepresentationCodeScanner",
            "examples": [
              {
                "do": {
                  "description": "Code should represent domain concepts directly",
                  "content": [
                    "Code should match domain model",
                    "Classes should represent domain concepts",
                    "If code doesn't match domain, refactor the code",
                    "",
                    "Correct Examples (code-aligned with domain):",
                    "class PortfolioAnalysis:",
                    "    def __init__(self, portfolio: Portfolio):",
                    "        self.portfolio = portfolio",
                    "",
                    "    def analyze_portfolio(self) -> AnalysisReport:",
                    "        # Code matches domain model",
                    "        return AnalysisReport(self)",
                    "",
                    "class AnalysisReport:",
                    "    def __init__(self, analysis: PortfolioAnalysis):",
                    "        self.analysis = analysis",
                    "",
                    "    @property",
                    "    def recommendations(self) -> Recommendations:",
                    "        # Property matches domain model",
                    "        return self._generate_recommendations()"
                  ]
                },
                "dont": {
                  "description": "Don't create abstract code that doesn't match domain",
                  "content": [
                    "Don't create classes that don't represent domain concepts",
                    "Don't separate code from domain model",
                    "",
                    "Wrong Examples (abstract code):",
                    "class PortfolioAnalysis:",
                    "    # Domain model says 'Analyze portfolio' but code doesn't exist",
                    "    # This is abstract code, not representing actual domain",
                    "    pass",
                    "",
                    "Abstract Code Indicators (REFACTOR):",
                    "- Classes that don't exist in domain model",
                    "- Methods that are abstract concepts without domain representation",
                    "- Code that describes ideal state rather than actual domain"
                  ]
                }
              }
            ]
          },
          "scanner_status": {
            "status": "EXECUTED",
            "scanner_path": "agile_bot.bots.base_bot.src.scanners.code_representation_code_scanner.CodeRepresentationCodeScanner",
            "execution_status": "EXECUTION_SUCCESS",
            "violations_found": 0
          },
          "scanner_results": {
            "file_by_file": {
              "violations": []
            },
            "cross_file": {
              "violations": []
            }
          }
        },
        {
          "rule_file": "group_by_domain.json",
          "rule_content": {
            "description": "CRITICAL: Code must be organized by domain area and relationships, not by technical layers, object types, or architectural concerns.",
            "scanner": "agile_bot.bots.base_bot.src.scanners.domain_grouping_code_scanner.DomainGroupingCodeScanner",
            "examples": [
              {
                "do": {
                  "description": "Organize code by domain area",
                  "content": [
                    "Group related classes together by domain area",
                    "Keep domain concepts in same module regardless of technical layer",
                    "Use domain-based package/module structure",
                    "",
                    "Correct Examples (grouped by domain):",
                    "# wealth_management/",
                    "#   wealth_advisor.py",
                    "#   client.py",
                    "#   portfolio.py",
                    "",
                    "# investment_planning/",
                    "#   rebalance_action.py",
                    "#   rebalance_recommendation.py"
                  ]
                },
                "dont": {
                  "description": "Don't organize by technical layers or object types",
                  "content": [
                    "Don't group by technical layers (presentation, business, data)",
                    "Don't group by object types (DTOs, services, repositories)",
                    "Don't group by architectural concerns",
                    "",
                    "Wrong Examples (grouped by technical layers):",
                    "# presentation/",
                    "#   portfolio_report.py",
                    "",
                    "# business/",
                    "#   wealth_advisor.py",
                    "",
                    "# data/",
                    "#   portfolio_repository.py",
                    "",
                    "Technical Grouping Indicators (REFACTOR):",
                    "- Packages/modules named 'layer', 'tier', 'service', 'repository', 'dto'",
                    "- Grouping by technical concerns instead of domain relationships",
                    "- Separating domain concepts by architectural layers"
                  ]
                }
              }
            ]
          },
          "scanner_status": {
            "status": "EXECUTED",
            "scanner_path": "agile_bot.bots.base_bot.src.scanners.domain_grouping_code_scanner.DomainGroupingCodeScanner",
            "execution_status": "EXECUTION_SUCCESS",
            "violations_found": 0
          },
          "scanner_results": {
            "file_by_file": {
              "violations": []
            },
            "cross_file": {
              "violations": []
            }
          }
        },
        {
          "rule_file": "hide_business_logic_behind_properties.json",
          "rule_content": {
            "description": "CRITICAL: Hide business logic behind properties. Properties hide logic that occurs\u2014it may be computed on-demand, cached, pre-computed, or loaded from storage. The caller shouldn't know or care when the values are calculated / determined.",
            "scanner": "agile_bot.bots.base_bot.src.scanners.calculation_timing_code_scanner.CalculationTimingCodeScanner",
            "examples": [
              {
                "do": {
                  "description": "Hide business logic behind properties",
                  "content": [
                    "Use @property for computed values",
                    "Properties hide when calculations occur (on-demand, cached, pre-computed)",
                    "Callers shouldn't know when value was calculated",
                    "",
                    "Correct Examples (logic hidden):",
                    "class Portfolio:",
                    "    @property",
                    "    def total_value(self) -> Money:",
                    "        # Could be computed on-demand, cached, pre-computed, or loaded from DB",
                    "        # Caller doesn't know or care when it was calculated",
                    "        if not hasattr(self, '_total_value'):",
                    "            self._total_value = sum(",
                    "                position.market_value",
                    "                for position in self.holdings.get_many_positions()",
                    "            )",
                    "        return self._total_value",
                    "",
                    "    # OR it could be pre-computed and stored:",
                    "    # @property",
                    "    # def total_value(self) -> Money:",
                    "    #     return self._cached_total_value  # Calculated two weeks ago? Caller doesn't know"
                  ]
                },
                "dont": {
                  "description": "Don't expose business logic in method names",
                  "content": [
                    "Don't use method names like 'calculate_X', 'compute_X'",
                    "Don't use 'get_cached_X', 'get_precomputed_X'",
                    "Don't reveal when or how calculations happen",
                    "",
                    "Wrong Examples (logic exposed):",
                    "class Portfolio:",
                    "    def calculate_total_value(self, holdings: List[Position]) -> Money:",
                    "        # Name reveals it's calculated NOW",
                    "        return sum(position.market_value for position in holdings)",
                    "",
                    "    def get_cached_total_value(self) -> Money:",
                    "        # Name reveals it's cached (timing exposed)",
                    "        return self._cached_value",
                    "",
                    "Logic Exposure Indicators (REFACTOR):",
                    "- Methods starting with 'calculate', 'compute', 'derive'",
                    "- Methods mentioning 'cached', 'pre-computed', 'on-demand' in name",
                    "- Methods that reveal implementation timing"
                  ]
                }
              }
            ]
          },
          "scanner_status": {
            "status": "EXECUTED",
            "scanner_path": "agile_bot.bots.base_bot.src.scanners.calculation_timing_code_scanner.CalculationTimingCodeScanner",
            "execution_status": "EXECUTION_SUCCESS",
            "violations_found": 0
          },
          "scanner_results": {
            "file_by_file": {
              "violations": []
            },
            "cross_file": {
              "violations": []
            }
          }
        },
        {
          "rule_file": "hide_calculation_timing.json",
          "rule_content": {
            "description": "CRITICAL: Code must hide calculations. Properties hide logic that occurs\u2014it may be computed on-demand, cached, pre-computed, or loaded from storage. The caller shouldn't know or care when the values are calculated / determined.",
            "scanner": "agile_bot.bots.base_bot.src.scanners.calculation_timing_code_scanner.CalculationTimingCodeScanner",
            "examples": [
              {
                "do": {
                  "description": "Hide the inner workings of business logic and functions",
                  "content": [
                    "Expose only what the caller needs to know; hide internal business logic details",
                    "Keep interfaces simple and focused on business concepts, not implementation details",
                    "Callers should not know or care how results are produced, only that they are correct",
                    "",
                    "Correct Examples (logic hidden):",
                    "class OrderService:",
                    "    def approve(self, user: User) -> ApprovalResult:",
                    "        # Logic for validation, third-party checks, notifications are all hidden from caller",
                    "        # Caller only cares about result, not how it is produced",
                    "        ...",
                    "",
                    "class ShoppingCart:",
                    "    def total(self) -> Money:",
                    "        # Returns total cost; discounts, taxes, and special offers are handled internally",
                    "        ...",
                    "",
                    "# External API hides if value is loaded, fetched, calculated, etc.",
                    "order_service.status  # May involve complex rule checks or state machines, but all hidden"
                  ]
                },
                "dont": {
                  "description": "Don't reveal business logic, strategies, or implementation decisions in public methods",
                  "content": [
                    "Don't use method names or signatures that describe how results are produced (e.g., 'validate_and_apply_discounts()', 'fetch_and_cache_data()')",
                    "Don't leak the steps or strategies used within your public interface",
                    "Don't require the caller to understand internal processes or logic branches",
                    "",
                    "Wrong Examples (logic exposed):",
                    "class ShoppingCart:",
                    "    def calculate_total_with_discounts_and_tax(self) -> Money:",
                    "        # Caller is aware of and must think about how the value is arrived at",
                    "        ...",
                    "",
                    "class UserAccount:",
                    "    def fetch_and_merge_external_profiles(self):",
                    "        # Implementation strategy exposed to caller",
                    "        ...",
                    "",
                    "Logic Exposure Indicators (REFACTOR):",
                    "- Methods naming specific logic or strategies ('validate_and_x', 'process_then_y', 'with_cache')",
                    "- Interfaces that require caller to invoke internal workflow steps directly",
                    "- Public methods or attributes reflecting the order of internal operations"
                  ]
                }
              }
            ]
          },
          "scanner_status": {
            "status": "EXECUTED",
            "scanner_path": "agile_bot.bots.base_bot.src.scanners.calculation_timing_code_scanner.CalculationTimingCodeScanner",
            "execution_status": "EXECUTION_SUCCESS",
            "violations_found": 0
          },
          "scanner_results": {
            "file_by_file": {
              "violations": []
            },
            "cross_file": {
              "violations": []
            }
          }
        },
        {
          "rule_file": "keep_classes_small_with_single_responsibility.json",
          "rule_content": {
            "description": "CRITICAL: Classes should be small (under 200-300 lines) with a single responsibility. Keep classes cohesive (methods/data interdependent), eliminate dead code, and favor many small focused classes over few large ones.",
            "examples": [
              {
                "do": {
                  "description": "Keep classes small and focused on single responsibility",
                  "content": [
                    "Keep classes under 200-300 lines",
                    "Keep classes cohesive (methods use shared instance variables)",
                    "Each class has ONE reason to change",
                    "Eliminate dead/unused code",
                    "Favor many small classes over few large ones",
                    "",
                    "Correct Examples (small, focused classes):",
                    "- class OrderValidator { validate(order) {...} }",
                    "- class OrderRepository { save(order) {...} find(id) {...} }",
                    "- class OrderCalculator { calculateTotal(order) {...} }",
                    "",
                    "Small + Single Responsibility Benefits:",
                    "- Easier to understand and maintain",
                    "- Easier to test in isolation",
                    "- High cohesion: methods share instance variables",
                    "- Clear, focused class name",
                    "- One reason to change"
                  ]
                },
                "dont": {
                  "description": "Don't create large god objects with multiple responsibilities",
                  "content": [
                    "Don't create 'god objects' doing everything",
                    "Don't let classes grow beyond 200-300 lines",
                    "Don't mix unrelated responsibilities",
                    "Don't keep commented-out code",
                    "",
                    "Wrong Examples (too large or multiple responsibilities):",
                    "class OrderManager {",
                    "  validate() {...}        // validation responsibility",
                    "  calculateTotal() {...}  // calculation responsibility",
                    "  save() {...}           // persistence responsibility",
                    "  sendEmail() {...}      // notification responsibility",
                    "}",
                    "",
                    "Refactoring Indicators:",
                    "- Class exceeds 200-300 lines",
                    "- Class name with 'Manager', 'Handler', 'Util', 'Helper'",
                    "- Low cohesion: methods use different subsets of instance variables",
                    "- Class changes for multiple reasons",
                    "- Many methods (15+) doing unrelated things",
                    "",
                    "Refactoring Strategy:",
                    "- Extract each responsibility into separate class",
                    "- Prefer 5 classes of 100 lines over 1 class of 500 lines",
                    "- Use composition to combine small classes"
                  ]
                }
              }
            ],
            "scanner": "agile_bot.bots.base_bot.src.scanners.class_size_scanner.ClassSizeScanner"
          },
          "scanner_status": {
            "status": "EXECUTED",
            "scanner_path": "agile_bot.bots.base_bot.src.scanners.class_size_scanner.ClassSizeScanner",
            "execution_status": "EXECUTION_SUCCESS",
            "violations_found": 1
          },
          "scanner_results": {
            "file_by_file": {
              "violations": [
                {
                  "rule": "keep_classes_small_with_single_responsibility",
                  "rule_file": "keep_classes_small_with_single_responsibility.json",
                  "violation_message": "Class \"CursorHeadlessAPI\" is 433 lines - should be under 300 lines (extract related methods into separate classes)\n\n```python\n\n\nclass CursorHeadlessAPI:\n    \"\"\"Executes instructions via cursor-agent CLI command.\n    \n    Uses --print flag for non-interactive/headless execution.\n    On Windows, runs cursor-agent through WSL Ubuntu.\n    \"\"\"\n    \n    def __init__(self, api_key: str = None, model: str = None, timeout: int = 600, workspace_path: Optional[Path] = None, stream: bool = True):\n    # ... (truncated)\n```",
                  "severity": "warning",
                  "line_number": 30,
                  "location": "C:\\dev\\augmented-teams\\agile_bot\\bots\\base_bot\\src\\repl_cli\\headless\\cursor_api.py"
                }
              ]
            },
            "cross_file": {
              "violations": []
            }
          }
        },
        {
          "rule_file": "keep_functions_single_responsibility.json",
          "rule_content": {
            "description": "CRITICAL: Functions should do one thing and do it well, with no hidden side effects. Each function must have a single, well-defined responsibility.",
            "examples": [
              {
                "do": {
                  "description": "Keep functions focused on a single task",
                  "content": [
                    "Functions should do one thing and do it well",
                    "Extract multiple concerns into separate functions",
                    "Name functions to reveal their complete behavior",
                    "Make side effects explicit in function names",
                    "",
                    "Correct Examples (single responsibility):",
                    "- Function validates input \u2192 separate from function that processes it",
                    "- Function calculates result \u2192 separate from function that logs/saves it",
                    "- Function reads data \u2192 separate from function that transforms it",
                    "",
                    "Single Responsibility Requirements:",
                    "- Function performs ONE clear operation",
                    "- All code in function serves same purpose",
                    "- Function name clearly describes its complete behavior",
                    "- No hidden side effects (logging, I/O, mutations)"
                  ]
                },
                "dont": {
                  "description": "Don't mix business logic with side effects or multiple operations",
                  "content": [
                    "Don't mix business logic with side effects (logging, I/O, mutations)",
                    "Don't create functions that perform multiple unrelated operations",
                    "Don't hide side effects in function implementations",
                    "",
                    "Wrong Examples (multiple responsibilities):",
                    "- Function that validates AND saves data (split into validate() and save())",
                    "- Function that calculates AND logs result (split into calculate() and log())",
                    "- Function that reads AND transforms data (split into read() and transform())",
                    "",
                    "Multiple Responsibility Indicators (REFACTOR):",
                    "- Function has AND in its name (calculateAndSave, validateAndProcess)",
                    "- Function performs I/O while doing calculations",
                    "- Function modifies state while returning values",
                    "- Function mixes different abstraction levels",
                    "",
                    "Instead, ask:",
                    "- Does this function do ONE thing?",
                    "- Are there hidden side effects?",
                    "- Can I split this into smaller, focused functions?",
                    "- Does the function name reveal ALL its behavior?"
                  ]
                }
              }
            ],
            "scanner": "agile_bot.bots.base_bot.src.scanners.single_responsibility_scanner.SingleResponsibilityScanner"
          },
          "scanner_status": {
            "status": "EXECUTED",
            "scanner_path": "agile_bot.bots.base_bot.src.scanners.single_responsibility_scanner.SingleResponsibilityScanner",
            "execution_status": "EXECUTION_SUCCESS",
            "violations_found": 0
          },
          "scanner_results": {
            "file_by_file": {
              "violations": []
            },
            "cross_file": {
              "violations": []
            }
          }
        },
        {
          "rule_file": "keep_functions_small_focused.json",
          "rule_content": {
            "description": "Functions should be small enough to understand at a glance. Keep functions under 20 lines when possible and extract complex logic into named helper functions.",
            "examples": [
              {
                "do": {
                  "description": "Keep functions small and focused",
                  "content": [
                    "Keep functions under 20 lines when possible",
                    "Extract complex logic into named helper functions",
                    "Use descriptive names that eliminate need for comments",
                    "Make each function a single abstraction level",
                    "",
                    "Correct Examples (small and focused):",
                    "- Small function calls 3-4 well-named helper functions",
                    "- Complex calculation split into named steps",
                    "- Nested logic extracted to separate functions",
                    "",
                    "Small Function Benefits:",
                    "- Easy to understand at a glance",
                    "- Easy to test in isolation",
                    "- Easy to reuse in other contexts",
                    "- Easy to name clearly",
                    "- Reduces cognitive load"
                  ]
                },
                "dont": {
                  "description": "Don't create large, monolithic functions",
                  "content": [
                    "Don't create large, monolithic functions",
                    "Don't mix abstraction levels within a single function",
                    "Don't keep dead (unused) functions in the codebase",
                    "",
                    "Wrong Examples (too large):",
                    "- 100-line function doing multiple operations",
                    "- Function mixing high-level logic with low-level details",
                    "- Function with multiple nested loops and conditionals",
                    "",
                    "Large Function Indicators (REFACTOR):",
                    "- Function exceeds 20-30 lines",
                    "- Function has deeply nested blocks (3+ levels)",
                    "- Function mixes abstraction levels",
                    "- Function needs comments to explain sections",
                    "- Function is hard to name clearly",
                    "",
                    "Refactoring Strategy:",
                    "- Extract each logical section into named function",
                    "- Use guard clauses to reduce nesting",
                    "- Create helper functions for complex conditions",
                    "- Separate high-level orchestration from low-level details"
                  ]
                }
              }
            ],
            "scanner": "agile_bot.bots.base_bot.src.scanners.function_size_scanner.FunctionSizeScanner"
          },
          "scanner_status": {
            "status": "EXECUTED",
            "scanner_path": "agile_bot.bots.base_bot.src.scanners.function_size_scanner.FunctionSizeScanner",
            "execution_status": "EXECUTION_SUCCESS",
            "violations_found": 1
          },
          "scanner_results": {
            "file_by_file": {
              "violations": [
                {
                  "rule": "keep_functions_small_focused",
                  "rule_file": "keep_functions_small_focused.json",
                  "violation_message": "Function \"starts_session\" is 38 lines - should be under 20 lines (extract complex logic to helper functions)\n\n```python\n        return self._chat_id\n    \n    def starts_session(self, instructions: str) -> APIResponse:\n        \"\"\"Start a headless session by running cursor-agent with the instructions.\"\"\"\n        import uuid\n        self._session_id = str(uuid.uuid4())[:8]\n        \n        print(f\"[DEBUG] starts_session called, about to run cursor-agent\")\n        sys.stdout.flush()\n        \n        try:\n            result = self._run_cursor_agent(instructions, timeout=self.timeout)\n            \n            print(f\"[DEBUG] cursor-agent finished with returncode: {result.returncode}\")\n            sys.stdout.flush()\n            \n            if result.returncode != 0:\n                error_msg = result.stderr.strip() if result.stderr else result.stdout.strip() or 'Unknown error'\n                \n                # Check for common errors\n                if 'not found' in error_msg.lower() or 'not recognized' in error_msg.lower():\n                    raise NonRecoverableError(\n                        'cursor-agent not found. On Windows, install via WSL: '\n                        'wsl -d Ubuntu -e bash -c \"curl https://cursor.com/install -fsS | bash\"'\n                    )\n                if 'unauthorized' in error_msg.lower() or 'authentication' in error_msg.lower():\n                    raise NonRecoverableError(f'Authentication failed: {error_msg}')\n                if 'rate limit' in error_msg.lower():\n                    raise RecoverableError(f'Rate limited: {error_msg}')\n                    \n                raise RecoverableError(f'cursor-agent failed (exit {result.returncode}): {error_msg}')\n            \n            self._last_output = result.stdout\n            response = self._parse_cursor_output(result.stdout)\n            \n            print(f\"[DEBUG] _parse_cursor_output returned done={response.done}\")\n            sys.stdout.flush()\n            \n            # Extract chatId from response for session resumption\n            # cursor-agent should return chatId in the response\n            if response.session_id:\n                self._chat_id = response.session_id\n            \n            return response\n            \n        except FileNotFoundError as e:\n            raise NonRecoverableError(\n                f'cursor-agent command not found: {e}. '\n                'On Windows, install via WSL: wsl -d Ubuntu -e bash -c \"curl https://cursor.com/install -fsS | bash\"'\n            )\n    # ... (truncated)\n```",
                  "severity": "warning",
                  "line_number": 57,
                  "location": "C:\\dev\\augmented-teams\\agile_bot\\bots\\base_bot\\src\\repl_cli\\headless\\cursor_api.py"
                }
              ]
            },
            "cross_file": {
              "violations": []
            }
          }
        },
        {
          "rule_file": "maintain_vertical_density.json",
          "rule_content": {
            "description": "Related code should be visually close. Group related concepts together, declare variables close to usage, and keep files under 500 lines when possible.",
            "examples": [
              {
                "do": {
                  "description": "Keep related code close together",
                  "content": [
                    "Group related concepts together",
                    "Declare variables close to usage",
                    "Keep files under 500 lines when possible",
                    "Use vertical spacing to separate concepts",
                    "",
                    "Correct Examples (good vertical density):",
                    "function processOrder(order) {",
                    "  const items = order.items;           // declare near use",
                    "  const itemTotal = calculateTotal(items);",
                    "  ",
                    "  const discount = order.discount;     // declare near use",
                    "  const discountAmount = calculateDiscount(discount, itemTotal);",
                    "  ",
                    "  return itemTotal - discountAmount;",
                    "}",
                    "",
                    "Vertical Density Requirements:",
                    "- Related lines close together",
                    "- Variables declared near first use",
                    "- Blank lines separate different concepts",
                    "- Functions called near their definitions",
                    "- Caller above callee (newspaper metaphor)"
                  ]
                },
                "dont": {
                  "description": "Don't separate related code or declare variables far from usage",
                  "content": [
                    "Don't separate related code with blank lines",
                    "Don't put variables far from their usage",
                    "Don't create excessively long files",
                    "",
                    "Wrong Examples (poor vertical density):",
                    "function processOrder(order) {",
                    "  const items = order.items;",
                    "  const discount = order.discount;",
                    "  const shipping = order.shipping;",
                    "  const tax = order.tax;",
                    "  // 50 lines later...",
                    "  const itemTotal = calculateTotal(items);",
                    "}",
                    "",
                    "Poor Vertical Density Indicators (REFACTOR):",
                    "- Variables declared at top, used 100 lines later",
                    "- Blank lines between tightly related statements",
                    "- Files exceeding 500-1000 lines",
                    "- Related functions scattered throughout file",
                    "- Caller far below callee",
                    "",
                    "Refactoring Strategy:",
                    "- Move variable declarations near first use",
                    "- Remove unnecessary blank lines",
                    "- Split large files into smaller modules",
                    "- Place related functions adjacent",
                    "- Order functions: caller above callee"
                  ]
                }
              }
            ],
            "scanner": "agile_bot.bots.base_bot.src.scanners.vertical_density_scanner.VerticalDensityScanner"
          },
          "scanner_status": {
            "status": "EXECUTED",
            "scanner_path": "agile_bot.bots.base_bot.src.scanners.vertical_density_scanner.VerticalDensityScanner",
            "execution_status": "EXECUTION_SUCCESS",
            "violations_found": 3
          },
          "scanner_results": {
            "file_by_file": {
              "violations": [
                {
                  "rule": "maintain_vertical_density",
                  "rule_file": "maintain_vertical_density.json",
                  "violation_message": "Function \"_run_with_streaming\" is 63 lines - consider improving vertical density by declaring variables near usage\n\n```python\n            raise RecoverableError('cursor-agent timed out')\n    \n    def _run_with_streaming(self, cmd: List[str], timeout: int) -> subprocess.CompletedProcess:\n        \"\"\"Run command with real-time streaming output.\"\"\"\n        import time\n        \n        process = subprocess.Popen(\n            cmd,\n            stdout=subprocess.PIPE,\n            stderr=subprocess.PIPE,\n    # ... (truncated)\n```",
                  "severity": "info",
                  "line_number": 129,
                  "location": "C:\\dev\\augmented-teams\\agile_bot\\bots\\base_bot\\src\\repl_cli\\headless\\cursor_api.py"
                },
                {
                  "rule": "maintain_vertical_density",
                  "rule_file": "maintain_vertical_density.json",
                  "violation_message": "Function \"_print_cleaned_stream_line\" is 75 lines - consider improving vertical density by declaring variables near usage\n\n```python\n            raise e\n    \n    def _print_cleaned_stream_line(self, line: str):\n        \"\"\"Parse JSON stream line and print only meaningful content.\"\"\"\n        line = line.strip()\n        if not line:\n            return\n        \n        try:\n            data = json.loads(line)\n    # ... (truncated)\n```",
                  "severity": "info",
                  "line_number": 193,
                  "location": "C:\\dev\\augmented-teams\\agile_bot\\bots\\base_bot\\src\\repl_cli\\headless\\cursor_api.py"
                },
                {
                  "rule": "maintain_vertical_density",
                  "rule_file": "maintain_vertical_density.json",
                  "violation_message": "Function \"_run_via_wsl\" is 76 lines - consider improving vertical density by declaring variables near usage\n\n```python\n            return self._run_directly(prompt, timeout, resume_chat_id)\n    \n    def _run_via_wsl(self, prompt: str, timeout: int, resume_chat_id: Optional[str] = None) -> subprocess.CompletedProcess:\n        \"\"\"Run cursor-agent via WSL Ubuntu on Windows.\"\"\"\n        import tempfile\n        \n        # For very long prompts (> 4000 chars), write to temp file to avoid Windows command line length limits\n        temp_file_path = None\n        if len(prompt) > 4000:\n            # Create temp file\n    # ... (truncated)\n```",
                  "severity": "info",
                  "line_number": 285,
                  "location": "C:\\dev\\augmented-teams\\agile_bot\\bots\\base_bot\\src\\repl_cli\\headless\\cursor_api.py"
                }
              ]
            },
            "cross_file": {
              "violations": []
            }
          }
        },
        {
          "rule_file": "never_swallow_exceptions.json",
          "rule_content": {
            "description": "CRITICAL: Never swallow exceptions silently. Empty catch blocks hide failures and make debugging impossible. Always log, handle, or rethrow exceptions with context.",
            "examples": [
              {
                "do": {
                  "description": "Always handle exceptions properly - log, rethrow, or take corrective action",
                  "content": [
                    "Always handle exceptions - never ignore them",
                    "Log exceptions with full context before recovering",
                    "Rethrow exceptions if you can't handle them properly",
                    "Wrap and rethrow with additional context",
                    "Take corrective action if you can recover",
                    "",
                    "Correct Examples (proper exception handling):",
                    "- try { risky_operation() } except Exception as e: logger.error(f'Operation failed: {e}', exc_info=True); raise",
                    "- try { process() } catch (e) { console.error('Process failed:', e); throw e; }",
                    "- try { save() } catch (e) { logger.error('Save failed:', e); return fallback_value; }",
                    "- try { connect() } catch (ConnectionError as e) { logger.warning('Retry attempt', e); retry(); }",
                    "",
                    "Exception Handling Best Practices:",
                    "- ALWAYS log the exception with full stack trace",
                    "- Include context: what operation failed, relevant IDs/data",
                    "- Rethrow if you can't handle it properly",
                    "- Use finally blocks for cleanup (close files, connections)",
                    "- Document why you're catching and what recovery is",
                    "- Preserve original exception when wrapping",
                    "",
                    "When to catch and handle:",
                    "- You can take meaningful corrective action",
                    "- You need to clean up resources (use finally)",
                    "- You need to add context and rethrow",
                    "- You're at a boundary (API, UI) and need to translate",
                    "",
                    "When to let it propagate:",
                    "- You can't do anything useful with it",
                    "- You don't know how to handle it",
                    "- It should cause the operation to fail"
                  ]
                },
                "dont": {
                  "description": "NEVER swallow exceptions with empty catch blocks",
                  "content": [
                    "NEVER use empty catch/except blocks",
                    "NEVER catch and ignore without logging",
                    "NEVER catch Exception without specific reason",
                    "NEVER suppress errors to 'make it work'",
                    "",
                    "Wrong Examples (swallowing exceptions):",
                    "- try { risky_operation() } catch (e) { } // WRONG: Silent failure",
                    "- try { process() } except: pass // WRONG: Hiding errors",
                    "- try { save() } catch { return; } // WRONG: Ignoring failure",
                    "- try { connect() } catch (Exception e) { /* TODO: handle */ } // WRONG: Empty handler",
                    "- try { load() } except Exception: continue // WRONG: Silently skipping errors",
                    "",
                    "Swallowed Exception Indicators (CRITICAL FIX REQUIRED):",
                    "- Empty catch/except blocks: catch (e) { }",
                    "- Pass without logging: except: pass",
                    "- Comment without action: catch (e) { /* ignore */ }",
                    "- Generic catch-all without logging: except Exception:",
                    "- Return/continue without handling: catch { return; }",
                    "",
                    "Why This Is Critical:",
                    "- Hides bugs and makes debugging impossible",
                    "- Creates silent failures users don't know about",
                    "- Data corruption when errors are ignored",
                    "- System state becomes inconsistent",
                    "- Production issues with no error logs",
                    "- Violates fail-fast principle",
                    "",
                    "Instead:",
                    "- Log the exception with full context",
                    "- Rethrow if you can't handle it: raise or throw e",
                    "- Take corrective action if recovery is possible",
                    "- Use finally for cleanup, not catch for ignoring",
                    "- Document WHY you're catching and what you're doing",
                    "- If you must catch-all, log and rethrow",
                    "",
                    "Only acceptable pattern for 'ignore':",
                    "- try { optional_feature() } catch (e) { logger.info('Optional feature unavailable', e); // explicitly documented as optional }",
                    "- Even then: ALWAYS log why you're ignoring it"
                  ]
                }
              }
            ],
            "scanner": "agile_bot.bots.base_bot.src.scanners.swallowed_exceptions_scanner.SwallowedExceptionsScanner"
          },
          "scanner_status": {
            "status": "EXECUTED",
            "scanner_path": "agile_bot.bots.base_bot.src.scanners.swallowed_exceptions_scanner.SwallowedExceptionsScanner",
            "execution_status": "EXECUTION_SUCCESS",
            "violations_found": 1
          },
          "scanner_results": {
            "file_by_file": {
              "violations": [
                {
                  "rule": "never_swallow_exceptions",
                  "rule_file": "never_swallow_exceptions.json",
                  "violation_message": "Except block only contains pass at line 359 - exceptions must be logged or rethrown, never swallowed\n\n```python\n                try:\n                    os.unlink(temp_file_path)\n                except:\n                    pass\n    \n```",
                  "severity": "error",
                  "line_number": 359,
                  "location": "C:\\dev\\augmented-teams\\agile_bot\\bots\\base_bot\\src\\repl_cli\\headless\\cursor_api.py"
                }
              ]
            },
            "cross_file": {
              "violations": []
            }
          }
        },
        {
          "rule_file": "place_imports_at_top.json",
          "rule_content": {
            "description": "Place all import statements at the top of the file, after module docstrings and comments, but before any executable code. This improves readability and makes dependencies clear.",
            "examples": [
              {
                "do": {
                  "description": "Place all imports at the top of the file",
                  "content": [
                    "\"\"\"Module docstring.\"\"\"",
                    "import os",
                    "from pathlib import Path",
                    "from typing import Dict, List",
                    "",
                    "# Module-level comments can go here",
                    "CONSTANT = 'value'",
                    "",
                    "def function():",
                    "    pass"
                  ]
                },
                "dont": {
                  "description": "Don't place imports inline with code or inside functions",
                  "content": [
                    "\"\"\"Module docstring.\"\"\"",
                    "CONSTANT = 'value'",
                    "",
                    "def function():",
                    "    from pathlib import Path  # WRONG - import inside function",
                    "    import os  # WRONG - import inside function",
                    "    pass",
                    "",
                    "# WRONG - import after code",
                    "from typing import Dict"
                  ]
                }
              },
              {
                "do": {
                  "description": "Group imports: standard library, third-party, then local imports",
                  "content": [
                    "# Standard library imports",
                    "import os",
                    "import json",
                    "from pathlib import Path",
                    "",
                    "# Third-party imports",
                    "import pytest",
                    "",
                    "# Local application imports",
                    "from agile_bot.bots.base_bot.src.actions.action import Action"
                  ]
                },
                "dont": {
                  "description": "Don't mix import groups or place imports randomly",
                  "content": [
                    "import os",
                    "from agile_bot.bots.base_bot.src.actions.action import Action  # WRONG - local before stdlib",
                    "import json",
                    "import pytest  # WRONG - third-party mixed with stdlib"
                  ]
                }
              }
            ],
            "scanner": "agile_bot.bots.base_bot.src.scanners.import_placement_scanner.ImportPlacementScanner"
          },
          "scanner_status": {
            "status": "EXECUTED",
            "scanner_path": "agile_bot.bots.base_bot.src.scanners.import_placement_scanner.ImportPlacementScanner",
            "execution_status": "EXECUTION_SUCCESS",
            "violations_found": 0
          },
          "scanner_results": {
            "file_by_file": {
              "violations": []
            },
            "cross_file": {
              "violations": []
            }
          }
        },
        {
          "rule_file": "prefer_object_model_over_config.json",
          "rule_content": {
            "rule_name": "prefer_object_model_over_config",
            "description": "Use existing object model to access information instead of directly accessing configuration files",
            "severity": "error",
            "category": "architecture",
            "context": "when writing code",
            "scanner": "agile_bot.bots.base_bot.src.scanners.prefer_object_model_over_config_scanner.PreferObjectModelOverConfigScanner",
            "rationale": "Objects provide encapsulation and abstraction. Accessing configuration files directly bypasses the object model, creates tight coupling, and makes code harder to maintain and test.",
            "examples": {
              "bad": [
                {
                  "description": "Accessing config directly when object exists",
                  "code": "behavior = bot.behaviors.find_by_name(name)\nif behavior and hasattr(behavior, '_config'):\n    description = behavior._config.get('description')"
                },
                {
                  "description": "Reading config file when object property exists",
                  "code": "config_file = action_dir / 'action_config.json'\nconfig = read_json_file(config_file)\nname = config.get('name')"
                },
                {
                  "description": "Accessing private config attribute",
                  "code": "bot_config = bot._config.get('behaviors', [])"
                }
              ],
              "good": [
                {
                  "description": "Using object property",
                  "code": "behavior = bot.behaviors.find_by_name(name)\nif behavior:\n    description = behavior.description"
                },
                {
                  "description": "Using object method or property",
                  "code": "action = behavior.actions.find_by_name(action_name)\nif action:\n    name = action.name\n    description = action.description"
                },
                {
                  "description": "Iterating through object collections",
                  "code": "for behavior in bot.behaviors:\n    print(f'{behavior.name}: {behavior.description}')"
                }
              ]
            },
            "detection_patterns": [
              {
                "pattern": "\\._config\\[",
                "description": "Direct access to _config dictionary"
              },
              {
                "pattern": "\\._config\\.get\\(",
                "description": "Using .get() on _config attribute"
              },
              {
                "pattern": "hasattr\\([^,]+,\\s*['\"]_config['\"]\\)",
                "description": "Checking for _config attribute existence"
              },
              {
                "pattern": "read_json_file\\([^)]*config\\.json[^)]*\\)",
                "description": "Reading config.json files directly when objects may exist"
              }
            ],
            "exceptions": [
              "When initializing or constructing objects (e.g., in __init__ methods)",
              "When no object model exists for the configuration",
              "In configuration loading utilities or factories",
              "In migration or setup scripts",
              "When the object explicitly exposes config as part of its public API"
            ],
            "fix_guidance": "Replace direct config access with object properties or methods. If the property doesn't exist on the object, add it to the object's interface rather than accessing config directly."
          },
          "scanner_status": {
            "status": "EXECUTED",
            "scanner_path": "agile_bot.bots.base_bot.src.scanners.prefer_object_model_over_config_scanner.PreferObjectModelOverConfigScanner",
            "execution_status": "EXECUTION_SUCCESS",
            "violations_found": 0
          },
          "scanner_results": {
            "file_by_file": {
              "violations": []
            },
            "cross_file": {
              "violations": []
            }
          }
        },
        {
          "rule_file": "provide_meaningful_context.json",
          "rule_content": {
            "description": "Names should provide appropriate context without redundancy. Use longer names for longer scopes and replace magic numbers with named constants.",
            "examples": [
              {
                "do": {
                  "description": "Provide appropriate context in names",
                  "content": [
                    "Use longer names for longer scopes",
                    "Add contextual prefixes when clarifying relationships",
                    "Replace magic numbers with named constants",
                    "Group related constants in objects/enums",
                    "",
                    "Correct Examples (meaningful context):",
                    "- In large scope: userAccountEmailAddress",
                    "- In small scope: email (context is obvious)",
                    "- Named constant: MAX_RETRY_ATTEMPTS = 3 instead of 3",
                    "- Grouped: HttpStatus.OK, HttpStatus.NOT_FOUND",
                    "",
                    "Context Requirements:",
                    "- Scope size determines name length",
                    "- Constants explain magic numbers",
                    "- Related items grouped logically",
                    "- Context added when needed, not when obvious",
                    "- No gratuitous context (avoid redundancy)"
                  ]
                },
                "dont": {
                  "description": "Don't add gratuitous context or leave magic numbers unexplained",
                  "content": [
                    "Don't add gratuitous context that's obvious from structure",
                    "Don't use meaningless distinctions (data1, data2, dataInfo)",
                    "Don't leave magic numbers unexplained",
                    "",
                    "Wrong Examples (poor context):",
                    "- accountUserEmailAddress (redundant 'account' if already in Account class)",
                    "- data1, data2, dataInfo (meaningless distinctions)",
                    "- if (status === 200) (what is 200?)",
                    "- for (let i = 0; i < 86400; i++) (what is 86400?)",
                    "",
                    "Context Problems (REFACTOR):",
                    "- Redundant prefixes (AccountAccountNumber in Account class)",
                    "- Meaningless suffixes (Info, Data, Object, Thing)",
                    "- Numbered variables (user1, user2, user3)",
                    "- Magic numbers without names (3, 100, 86400)",
                    "- Magic strings without names ('active', 'pending')",
                    "",
                    "Instead use:",
                    "- Remove redundant context from class members",
                    "- Replace data1/data2 with meaningful names",
                    "- const HTTP_OK = 200; const HTTP_NOT_FOUND = 404;",
                    "- const SECONDS_PER_DAY = 86400;",
                    "- enum Status { ACTIVE = 'active', PENDING = 'pending' }"
                  ]
                }
              }
            ],
            "scanner": "agile_bot.bots.base_bot.src.scanners.meaningful_context_scanner.MeaningfulContextScanner"
          },
          "scanner_status": {
            "status": "EXECUTED",
            "scanner_path": "agile_bot.bots.base_bot.src.scanners.meaningful_context_scanner.MeaningfulContextScanner",
            "execution_status": "EXECUTION_SUCCESS",
            "violations_found": 0
          },
          "scanner_results": {
            "file_by_file": {
              "violations": []
            },
            "cross_file": {
              "violations": []
            }
          }
        },
        {
          "rule_file": "refactor_completely_not_partially.json",
          "rule_content": {
            "description": "CRITICAL: When refactoring, replace old code completely - don't try to support both legacy and new patterns. Write new code, delete old code, fix tests. Clean breaks are better than compatibility bridges that create technical debt.",
            "examples": [
              {
                "do": {
                  "description": "Replace old pattern completely with new pattern",
                  "content": [
                    "When refactoring, commit fully to the new approach",
                    "Delete old code completely, don't leave it around",
                    "Update all call sites to use new pattern",
                    "Fix all tests to work with new code",
                    "Clean break is better than supporting both ways",
                    "",
                    "Correct Refactoring Process:",
                    "1. Write new code with better pattern",
                    "2. Update all call sites to use new code",
                    "3. Delete old code completely",
                    "4. Update tests to match new implementation",
                    "5. Verify all tests pass",
                    "",
                    "Example: Refactoring to template method",
                    "STEP 1: Add template method execute_action()",
                    "STEP 2: Update ALL action methods to use template",
                    "STEP 3: Delete old duplicated code from each method",
                    "STEP 4: Update tests if needed",
                    "STEP 5: Verify all tests pass",
                    "",
                    "Benefits:",
                    "- Clean codebase with one clear pattern",
                    "- No confusion about which approach to use",
                    "- No technical debt from compatibility code",
                    "- Tests verify new pattern works",
                    "- Easy to understand for future developers"
                  ]
                },
                "dont": {
                  "description": "Don't try to support both old and new patterns simultaneously",
                  "content": [
                    "Don't create compatibility layers for old code",
                    "Don't support both old and new ways of doing things",
                    "Don't leave old code around 'just in case'",
                    "Don't add conditional logic to support legacy patterns",
                    "Don't incrementally migrate - do complete refactor",
                    "",
                    "Wrong Refactoring (supporting both):",
                    "```python",
                    "def execute_action(action_name, action_class=None, action_logic_fn=None):  # WRONG",
                    "    # Support both old way (logic function) and new way (action class)",
                    "    if action_logic_fn:  # Old way",
                    "        data = action_logic_fn(params)",
                    "    elif action_class:  # New way",
                    "        action = action_class(...)",
                    "        data = action.execute(params)",
                    "    # Now we have to maintain both paths!",
                    "```",
                    "",
                    "Wrong Refactoring (leaving old code):",
                    "```python",
                    "# Old way (deprecated, use execute_action instead)",
                    "def gather_context_old(self, params):",
                    "    # ... 20 lines of old code ...",
                    "",
                    "# New way",
                    "def gather_context(self, params):",
                    "    return self.execute_action('gather_context', GatherContextAction, params)",
                    "```",
                    "",
                    "Wrong Refactoring (partial migration):",
                    "```python",
                    "# Some actions use template",
                    "def gather_context(self, params):",
                    "    return self.execute_action('gather_context', GatherContextAction, params)",
                    "",
                    "# Some actions still use old pattern (inconsistent!)",
                    "def build_knowledge(self, params):",
                    "    if self.workflow.current_state != 'build_knowledge':",
                    "        self.workflow.machine.set_state('build_knowledge')",
                    "    self.workflow.save_state()",
                    "    # ... old duplicated code ...",
                    "```",
                    "",
                    "Problems with Supporting Both:",
                    "- Technical debt accumulates",
                    "- Two ways to do the same thing (confusion)",
                    "- More code to maintain and test",
                    "- Harder to reason about system behavior",
                    "- Future developers don't know which pattern to follow",
                    "- Tests may pass but codebase is messy",
                    "- Refactoring never completes",
                    "",
                    "Instead:",
                    "- Commit to new pattern completely",
                    "- Update all code at once",
                    "- Delete old code entirely",
                    "- Fix all tests to match new pattern",
                    "- Have one clear way to do things",
                    "",
                    "When to Use Compatibility Layer (RARE):",
                    "- External API with many consumers you don't control",
                    "- Deprecation period required by contract",
                    "- Major version transition with migration period",
                    "",
                    "For Internal Code (99% of cases):",
                    "- NO compatibility layer",
                    "- Clean break refactor",
                    "- Update all call sites",
                    "- Delete old code",
                    "- One clear pattern"
                  ]
                }
              }
            ],
            "scanner": "agile_bot.bots.base_bot.src.scanners.complete_refactoring_scanner.CompleteRefactoringScanner"
          },
          "scanner_status": {
            "status": "EXECUTED",
            "scanner_path": "agile_bot.bots.base_bot.src.scanners.complete_refactoring_scanner.CompleteRefactoringScanner",
            "execution_status": "EXECUTION_SUCCESS",
            "violations_found": 0
          },
          "scanner_results": {
            "file_by_file": {
              "violations": []
            },
            "cross_file": {
              "violations": []
            }
          }
        },
        {
          "rule_file": "refactor_tests_with_production_code.json",
          "rule_content": {
            "description": "CRITICAL: When refactoring production code, update tests immediately to maintain green builds. Tests should verify behavior, not implementation details, so they remain valid through refactoring.",
            "examples": [
              {
                "do": {
                  "description": "Update tests in parallel with production refactoring",
                  "content": [
                    "Update tests as you refactor production code",
                    "Keep builds green throughout refactoring",
                    "Use test helpers to abstract common test patterns",
                    "Consolidate duplicate test utilities",
                    "Update test imports when moving code",
                    "",
                    "Correct Examples (parallel refactoring):",
                    "- Create BaseAction \u2192 Update all action tests to use it",
                    "- Move methods between classes \u2192 Update test imports immediately",
                    "- Change folder structure \u2192 Update ALL import statements in tests",
                    "- Extract helper function \u2192 Update tests to use helper",
                    "- Create test_helpers.py \u2192 Consolidate duplicate test code",
                    "",
                    "Test Refactoring Requirements:",
                    "- Tests pass after each production change",
                    "- Test helpers eliminate test code duplication",
                    "- Tests verify behavior, not implementation",
                    "- Test names remain clear and descriptive",
                    "- Tests run fast (no slow integration tests unless needed)"
                  ]
                },
                "dont": {
                  "description": "Don't let tests break during refactoring or depend on implementation details",
                  "content": [
                    "Don't refactor production without updating tests",
                    "Don't leave broken tests 'to fix later'",
                    "Don't make tests depend on implementation details",
                    "Don't duplicate test setup/verification code",
                    "",
                    "Wrong Examples (broken during refactoring):",
                    "- Refactor production \u2192 20 tests fail \u2192 'will fix later'",
                    "- Create BaseAction \u2192 Tests still expect old class structure",
                    "- Move file \u2192 Tests can't import it \u2192 Build broken",
                    "- Change method signature \u2192 Tests still use old signature",
                    "",
                    "Test Breakage Indicators (FIX IMMEDIATELY):",
                    "- Tests failing after production refactoring",
                    "- Import errors in test files",
                    "- Tests checking implementation details (private methods)",
                    "- Duplicate test setup code across files",
                    "- Tests that break when refactoring internal structure",
                    "",
                    "Refactoring Strategy:",
                    "- Refactor in small steps, keeping tests green",
                    "- Update test imports immediately after moving code",
                    "- Extract test helpers before duplicating test code",
                    "- Use verify_* helpers instead of inline assertions",
                    "- Run tests after each change (TDD red-green-refactor)"
                  ]
                }
              }
            ]
          },
          "scanner_status": {
            "status": "NO_SCANNER",
            "scanner_path": null
          }
        },
        {
          "rule_file": "simplify_control_flow.json",
          "rule_content": {
            "description": "Keep nesting minimal and control flow straightforward. Use guard clauses to reduce nesting and extract nested blocks into separate functions.",
            "examples": [
              {
                "do": {
                  "description": "Keep control flow simple and readable",
                  "content": [
                    "Use guard clauses to reduce nesting",
                    "Extract nested blocks into separate functions",
                    "Prefer early returns for edge cases",
                    "Keep nesting to 2-3 levels maximum",
                    "",
                    "Correct Examples (simple control flow):",
                    "- if (!valid) return; // guard clause",
                    "- if (error) throw error; // early return",
                    "- Use polymorphism instead of complex switch statements",
                    "",
                    "Guard Clause Pattern:",
                    "function process(data) {",
                    "  if (!data) return null; // guard",
                    "  if (data.isEmpty()) return []; // guard",
                    "  // main logic here (not nested)",
                    "}"
                  ]
                },
                "dont": {
                  "description": "Don't create deeply nested control structures",
                  "content": [
                    "Don't nest conditionals more than 2-3 levels deep",
                    "Don't use complex switch statements outside factory methods",
                    "Don't mix multiple control flow patterns in one function",
                    "",
                    "Wrong Examples (complex control flow):",
                    "- 5 levels of nested if/else statements",
                    "- Switch statement with business logic in each case",
                    "- Mixed for loops with nested if/else/switch",
                    "",
                    "Complex Control Flow Indicators (REFACTOR):",
                    "- Nesting exceeds 3 levels deep",
                    "- Arrow-shaped code (increasing indentation)",
                    "- Multiple exit points deep in nested blocks",
                    "- Switch statements with complex logic per case",
                    "",
                    "Refactoring Strategies:",
                    "- Use guard clauses at function start",
                    "- Extract nested blocks into functions",
                    "- Replace switch with polymorphism or lookup tables",
                    "- Use early returns to flatten structure",
                    "- Consider strategy pattern for complex branching"
                  ]
                }
              }
            ],
            "scanner": "agile_bot.bots.base_bot.src.scanners.simplify_control_flow_scanner.SimplifyControlFlowScanner"
          },
          "scanner_status": {
            "status": "EXECUTED",
            "scanner_path": "agile_bot.bots.base_bot.src.scanners.simplify_control_flow_scanner.SimplifyControlFlowScanner",
            "execution_status": "EXECUTION_SUCCESS",
            "violations_found": 2
          },
          "scanner_results": {
            "file_by_file": {
              "violations": [
                {
                  "rule": "simplify_control_flow",
                  "rule_file": "simplify_control_flow.json",
                  "violation_message": "Function \"_run_with_streaming\" has nesting depth of 5 - use guard clauses and extract nested blocks to reduce nesting\n\n```python\n            raise RecoverableError('cursor-agent timed out')\n    \n    def _run_with_streaming(self, cmd: List[str], timeout: int) -> subprocess.CompletedProcess:\n        \"\"\"Run command with real-time streaming output.\"\"\"\n        import time\n        \n        process = subprocess.Popen(\n            cmd,\n            stdout=subprocess.PIPE,\n            stderr=subprocess.PIPE,\n            text=True,\n            encoding='utf-8',\n            errors='replace',  # Replace invalid characters instead of crashing\n            bufsize=1  # Line buffered\n        )\n    # ... (truncated)\n```",
                  "severity": "warning",
                  "line_number": 129,
                  "location": "C:\\dev\\augmented-teams\\agile_bot\\bots\\base_bot\\src\\repl_cli\\headless\\cursor_api.py"
                },
                {
                  "rule": "simplify_control_flow",
                  "rule_file": "simplify_control_flow.json",
                  "violation_message": "Function \"_print_cleaned_stream_line\" has nesting depth of 9 - use guard clauses and extract nested blocks to reduce nesting\n\n```python\n            raise e\n    \n    def _print_cleaned_stream_line(self, line: str):\n        \"\"\"Parse JSON stream line and print only meaningful content.\"\"\"\n        line = line.strip()\n        if not line:\n            return\n        \n        try:\n            data = json.loads(line)\n            msg_type = data.get('type', '')\n            \n            # Skip system init and thinking deltas\n            if msg_type in ('system', 'user'):\n                return\n    # ... (truncated)\n```",
                  "severity": "warning",
                  "line_number": 193,
                  "location": "C:\\dev\\augmented-teams\\agile_bot\\bots\\base_bot\\src\\repl_cli\\headless\\cursor_api.py"
                }
              ]
            },
            "cross_file": {
              "violations": []
            }
          }
        },
        {
          "rule_file": "stop_writing_useless_comments.json",
          "rule_content": {
            "description": "CRITICAL: DO NOT WRITE COMMENTS. Delete all comments written by the AI chat. Code must be self-explanatory through clear naming and structure. ONLY exception: legal/license requirements. If you think a comment is needed, the code is wrong - fix the code instead.",
            "scanner": "agile_bot.bots.base_bot.src.actions.scanners.useless_comments_scanner.UselessCommentsScanner",
            "examples": [
              {
                "do": {
                  "description": "DELETE ALL AI-WRITTEN COMMENTS. Write NO comments.",
                  "content": [
                    "DEFAULT: WRITE NO COMMENTS",
                    "AI must DELETE all comments it writes",
                    "ONLY exception: Legal/license requirements (copyright notices)",
                    "",
                    "ONLY Acceptable Comment:",
                    "# Copyright (c) 2024 Company Name. Licensed under MIT.",
                    "",
                    "Everything else: NO COMMENTS",
                    "- No docstrings",
                    "- No inline comments",
                    "- No explanations",
                    "- No algorithm descriptions",
                    "- No business rule comments",
                    "- No warnings",
                    "- No test scenario comments",
                    "",
                    "If code needs explanation:",
                    "1. Rename variables/functions to be clearer",
                    "2. Extract complex logic into well-named functions",
                    "3. Simplify the code structure",
                    "4. STILL write no comments",
                    "",
                    "AI Rule: DELETE EVERY COMMENT YOU WRITE"
                  ]
                },
                "dont": {
                  "description": "DELETE ALL COMMENTS - AI must not write any comments",
                  "content": [
                    "DELETE IMMEDIATELY - AI must not write:",
                    "- ANY docstrings",
                    "- ANY inline comments",
                    "- ANY explanations",
                    "- ANY descriptions",
                    "- ANY annotations (except type hints)",
                    "",
                    "Examples of what AI must DELETE:",
                    "",
                    "BAD (DELETE THIS):",
                    "def execute_action(action_name, action_class, parameters):",
                    "    pass",
                    "",
                    "GOOD (NO COMMENT):",
                    "def execute_action(action_name, action_class, parameters):",
                    "    pass",
                    "",
                    "BAD (DELETE THIS):",
                    "# Load state from file",
                    "def load_state(self):",
                    "    pass",
                    "",
                    "GOOD (NO COMMENT):",
                    "def load_state(self):",
                    "    pass",
                    "",
                    "BAD (DELETE THIS):",
                    "class RulesAction(Action):",
                    "    pass",
                    "",
                    "GOOD (NO COMMENT):",
                    "class RulesAction(Action):",
                    "    pass",
                    "",
                    "ABSOLUTE RULE FOR AI:",
                    "- Write ZERO comments",
                    "- Delete ALL comments you write",
                    "- Make code self-explanatory through naming",
                    "- If code seems complex, refactor it - don't comment it",
                    "",
                    "NO EXCEPTIONS (except copyright/license)"
                  ]
                }
              }
            ]
          },
          "scanner_status": {
            "status": "EXECUTED",
            "scanner_path": "agile_bot.bots.base_bot.src.actions.scanners.useless_comments_scanner.UselessCommentsScanner",
            "execution_status": "EXECUTION_SUCCESS",
            "violations_found": 14
          },
          "scanner_results": {
            "file_by_file": {
              "violations": [
                {
                  "rule": "stop_writing_useless_comments",
                  "rule_file": "stop_writing_useless_comments.json",
                  "violation_message": "Useless docstring that repeats function/class name - delete it or explain WHY, not WHAT\n\n```python\n\nclass CursorHeadlessAPI:\n    \"\"\"Executes instructions via cursor-agent CLI command.\n    \n    Uses --print flag for non-interactive/headless execution.\n    On Windows, runs cursor-agent through WSL Ubuntu.\n    \"\"\"\n    \n```",
                  "severity": "error",
                  "line_number": 31,
                  "location": "C:\\dev\\augmented-teams\\agile_bot\\bots\\base_bot\\src\\repl_cli\\headless\\cursor_api.py"
                },
                {
                  "rule": "stop_writing_useless_comments",
                  "rule_file": "stop_writing_useless_comments.json",
                  "violation_message": "Useless docstring that repeats function/class name - delete it or explain WHY, not WHAT\n\n```python\n    @property\n    def chat_id(self) -> Optional[str]:\n        \"\"\"Return the cursor-agent chatId for session resumption.\"\"\"\n        return self._chat_id\n```",
                  "severity": "error",
                  "line_number": 54,
                  "location": "C:\\dev\\augmented-teams\\agile_bot\\bots\\base_bot\\src\\repl_cli\\headless\\cursor_api.py"
                },
                {
                  "rule": "stop_writing_useless_comments",
                  "rule_file": "stop_writing_useless_comments.json",
                  "violation_message": "Useless docstring that repeats function/class name - delete it or explain WHY, not WHAT\n\n```python\n    \n    def starts_session(self, instructions: str) -> APIResponse:\n        \"\"\"Start a headless session by running cursor-agent with the instructions.\"\"\"\n        import uuid\n```",
                  "severity": "error",
                  "line_number": 58,
                  "location": "C:\\dev\\augmented-teams\\agile_bot\\bots\\base_bot\\src\\repl_cli\\headless\\cursor_api.py"
                },
                {
                  "rule": "stop_writing_useless_comments",
                  "rule_file": "stop_writing_useless_comments.json",
                  "violation_message": "Useless docstring that repeats function/class name - delete it or explain WHY, not WHAT\n\n```python\n    \n    def resumes_session(self, prompt: str) -> APIResponse:\n        \"\"\"Resume an existing session with a new prompt.\n        \n        Requires a previous session to have been started with starts_session().\n        \"\"\"\n        if not self._chat_id:\n```",
                  "severity": "error",
                  "line_number": 109,
                  "location": "C:\\dev\\augmented-teams\\agile_bot\\bots\\base_bot\\src\\repl_cli\\headless\\cursor_api.py"
                },
                {
                  "rule": "stop_writing_useless_comments",
                  "rule_file": "stop_writing_useless_comments.json",
                  "violation_message": "Useless docstring that repeats function/class name - delete it or explain WHY, not WHAT\n\n```python\n    \n    def _run_with_streaming(self, cmd: List[str], timeout: int) -> subprocess.CompletedProcess:\n        \"\"\"Run command with real-time streaming output.\"\"\"\n        import time\n```",
                  "severity": "error",
                  "line_number": 130,
                  "location": "C:\\dev\\augmented-teams\\agile_bot\\bots\\base_bot\\src\\repl_cli\\headless\\cursor_api.py"
                },
                {
                  "rule": "stop_writing_useless_comments",
                  "rule_file": "stop_writing_useless_comments.json",
                  "violation_message": "Useless docstring that repeats function/class name - delete it or explain WHY, not WHAT\n\n```python\n    \n    def _print_cleaned_stream_line(self, line: str):\n        \"\"\"Parse JSON stream line and print only meaningful content.\"\"\"\n        line = line.strip()\n```",
                  "severity": "error",
                  "line_number": 194,
                  "location": "C:\\dev\\augmented-teams\\agile_bot\\bots\\base_bot\\src\\repl_cli\\headless\\cursor_api.py"
                },
                {
                  "rule": "stop_writing_useless_comments",
                  "rule_file": "stop_writing_useless_comments.json",
                  "violation_message": "Useless docstring that repeats function/class name - delete it or explain WHY, not WHAT\n\n```python\n    \n    def _run_cursor_agent(self, prompt: str, timeout: int, resume_chat_id: Optional[str] = None) -> subprocess.CompletedProcess:\n        \"\"\"Run cursor-agent CLI command.\n        \n        On Windows, runs through WSL Ubuntu.\n        Uses --print --output-format json for headless execution.\n        \n        Args:\n            prompt: The prompt/message to send\n            timeout: Execution timeout in seconds\n            resume_chat_id: Optional chatId to resume an existing session\n        \"\"\"\n        if self._is_windows:\n```",
                  "severity": "error",
                  "line_number": 270,
                  "location": "C:\\dev\\augmented-teams\\agile_bot\\bots\\base_bot\\src\\repl_cli\\headless\\cursor_api.py"
                },
                {
                  "rule": "stop_writing_useless_comments",
                  "rule_file": "stop_writing_useless_comments.json",
                  "violation_message": "Useless docstring that repeats function/class name - delete it or explain WHY, not WHAT\n\n```python\n    \n    def _run_via_wsl(self, prompt: str, timeout: int, resume_chat_id: Optional[str] = None) -> subprocess.CompletedProcess:\n        \"\"\"Run cursor-agent via WSL Ubuntu on Windows.\"\"\"\n        import tempfile\n```",
                  "severity": "error",
                  "line_number": 286,
                  "location": "C:\\dev\\augmented-teams\\agile_bot\\bots\\base_bot\\src\\repl_cli\\headless\\cursor_api.py"
                },
                {
                  "rule": "stop_writing_useless_comments",
                  "rule_file": "stop_writing_useless_comments.json",
                  "violation_message": "Useless docstring that repeats function/class name - delete it or explain WHY, not WHAT\n\n```python\n    \n    def _run_directly(self, prompt: str, timeout: int, resume_chat_id: Optional[str] = None) -> subprocess.CompletedProcess:\n        \"\"\"Run cursor-agent directly on Linux/Mac.\"\"\"\n        if self.stream:\n```",
                  "severity": "error",
                  "line_number": 363,
                  "location": "C:\\dev\\augmented-teams\\agile_bot\\bots\\base_bot\\src\\repl_cli\\headless\\cursor_api.py"
                },
                {
                  "rule": "stop_writing_useless_comments",
                  "rule_file": "stop_writing_useless_comments.json",
                  "violation_message": "Useless docstring that repeats function/class name - delete it or explain WHY, not WHAT\n\n```python\n    \n    def sends_instruction(self, instruction: str) -> APIResponse:\n        \"\"\"Send additional instruction (runs new cursor-agent call).\"\"\"\n        if not self._session_id:\n```",
                  "severity": "error",
                  "line_number": 399,
                  "location": "C:\\dev\\augmented-teams\\agile_bot\\bots\\base_bot\\src\\repl_cli\\headless\\cursor_api.py"
                },
                {
                  "rule": "stop_writing_useless_comments",
                  "rule_file": "stop_writing_useless_comments.json",
                  "violation_message": "Useless docstring that repeats function/class name - delete it or explain WHY, not WHAT\n\n```python\n    \n    def polls_session_status(self) -> APIResponse:\n        \"\"\"Poll session status - for cursor-agent, it's synchronous so always done.\"\"\"\n        if not self._session_id:\n```",
                  "severity": "error",
                  "line_number": 417,
                  "location": "C:\\dev\\augmented-teams\\agile_bot\\bots\\base_bot\\src\\repl_cli\\headless\\cursor_api.py"
                },
                {
                  "rule": "stop_writing_useless_comments",
                  "rule_file": "stop_writing_useless_comments.json",
                  "violation_message": "Useless docstring that repeats function/class name - delete it or explain WHY, not WHAT\n\n```python\n    \n    def terminates_session(self) -> None:\n        \"\"\"Terminate session (cleanup).\"\"\"\n        self._session_id = None\n```",
                  "severity": "error",
                  "line_number": 434,
                  "location": "C:\\dev\\augmented-teams\\agile_bot\\bots\\base_bot\\src\\repl_cli\\headless\\cursor_api.py"
                },
                {
                  "rule": "stop_writing_useless_comments",
                  "rule_file": "stop_writing_useless_comments.json",
                  "violation_message": "Useless docstring that repeats function/class name - delete it or explain WHY, not WHAT\n\n```python\n    \n    def _parse_cursor_output(self, output: str) -> APIResponse:\n        \"\"\"Parse cursor-agent output.\n        \n        Since cursor-agent is synchronous and we use --output-format stream-json,\n        by the time this is called the process has completed. Just return done=True.\n        \"\"\"\n        if not output or not output.strip():\n```",
                  "severity": "error",
                  "line_number": 439,
                  "location": "C:\\dev\\augmented-teams\\agile_bot\\bots\\base_bot\\src\\repl_cli\\headless\\cursor_api.py"
                },
                {
                  "rule": "stop_writing_useless_comments",
                  "rule_file": "stop_writing_useless_comments.json",
                  "violation_message": "Useless comment: \"# Create CompletedProcess object\" - delete it or improve the code instead\n\n```python\n                stderr_lines.append(stderr_output)\n            \n            # Create CompletedProcess object\n            return subprocess.CompletedProcess(\n```",
                  "severity": "error",
                  "line_number": 181,
                  "location": "C:\\dev\\augmented-teams\\agile_bot\\bots\\base_bot\\src\\repl_cli\\headless\\cursor_api.py"
                }
              ]
            },
            "cross_file": {
              "violations": []
            }
          }
        },
        {
          "rule_file": "use_clear_function_parameters.json",
          "rule_content": {
            "description": "CRITICAL: Function signatures must be simple and intention-revealing. Prefer 0-2 parameters. NEVER pass Dict[str, Any] or List[str] for complex data - create typed objects instead. Examples: parameters dict \u2192 ParametersObject, files dict \u2192 FilesCollection, exclude list \u2192 ExcludePatterns.",
            "examples": [
              {
                "do": {
                  "description": "Keep function parameters simple and clear",
                  "content": [
                    "Prefer 0-2 parameters; use objects for more complex needs",
                    "Use descriptive parameter names",
                    "Make function names encode parameter meaning",
                    "Group related parameters into objects",
                    "",
                    "Correct Examples (clear parameters):",
                    "- calculateTotal(items) instead of calculateTotal(item1, item2, item3)",
                    "- createUser({name, email, role}) instead of createUser(name, email, role, active, verified)",
                    "- sendEmail(message) where message contains all email data",
                    "",
                    "Parameter Best Practices:",
                    "- 0 parameters: Ideal (pure function or uses instance state)",
                    "- 1 parameter: Very good (single input, single output)",
                    "- 2 parameters: Acceptable (clear relationship)",
                    "- 3+ parameters: Use parameter object",
                    "- Return values instead of output parameters"
                  ]
                },
                "dont": {
                  "description": "Don't use boolean flags or excessive parameters",
                  "content": [
                    "Don't use boolean flags as parameters (create two functions instead)",
                    "Don't exceed 3 parameters without using a parameter object",
                    "Don't use output parameters (return values instead)",
                    "",
                    "Wrong Examples (poor parameters):",
                    "- process(data, true, false) \u2192 unclear what booleans mean",
                    "- createUser(name, email, role, active, verified, age, phone) \u2192 too many params",
                    "- calculate(input, result) where result is modified \u2192 use return value",
                    "",
                    "Parameter Problems (REFACTOR):",
                    "- Boolean flags indicating different behaviors \u2192 split into two functions",
                    "- More than 3 parameters \u2192 create parameter object",
                    "- Output parameters \u2192 return values or use immutable approach",
                    "- Unclear parameter order \u2192 use named parameters/object",
                    "",
                    "Instead of:",
                    "- process(data, true) \u2192 processAndValidate(data) and process(data)",
                    "- create(a, b, c, d, e) \u2192 create({a, b, c, d, e})",
                    "- modify(input, output) \u2192 return modifiedValue(input)"
                  ]
                }
              }
            ],
            "scanner": "agile_bot.bots.base_bot.src.scanners.clear_parameters_scanner.ClearParametersScanner"
          },
          "scanner_status": {
            "status": "EXECUTED",
            "scanner_path": "agile_bot.bots.base_bot.src.scanners.clear_parameters_scanner.ClearParametersScanner",
            "execution_status": "EXECUTION_SUCCESS",
            "violations_found": 0
          },
          "scanner_results": {
            "file_by_file": {
              "violations": []
            },
            "cross_file": {
              "violations": []
            }
          }
        },
        {
          "rule_file": "use_consistent_indentation.json",
          "rule_content": {
            "description": "Use consistent, meaningful indentation. Use 2-4 spaces consistently (or tabs if team prefers), indent to show code structure, and keep lines under 80-120 characters.",
            "examples": [
              {
                "do": {
                  "description": "Use consistent indentation to show structure",
                  "content": [
                    "Use 2-4 spaces consistently (or tabs if team prefers)",
                    "Indent to show code structure",
                    "Keep lines under 80-120 characters",
                    "Let automated formatter handle indentation",
                    "",
                    "Correct Examples (consistent indentation):",
                    "function processOrder(order) {",
                    "  if (order.isValid()) {",
                    "    const total = calculateTotal(order);",
                    "    return total;",
                    "  }",
                    "  return 0;",
                    "}",
                    "",
                    "Indentation Requirements:",
                    "- Consistent spaces/tabs throughout project",
                    "- Indentation shows nesting level",
                    "- Lines not too long (80-120 chars)",
                    "- Automated formatter enforces consistency",
                    "- Code structure visually clear"
                  ]
                },
                "dont": {
                  "description": "Don't mix tabs and spaces or create extremely long lines",
                  "content": [
                    "Don't mix tabs and spaces",
                    "Don't use inconsistent indentation",
                    "Don't create extremely long lines",
                    "",
                    "Wrong Examples (inconsistent indentation):",
                    "function processOrder(order) {",
                    "  if (order.isValid()) {    // 2 spaces",
                    "      const total = calculateTotal(order);  // 4 spaces",
                    "\treturn total;  // tab",
                    "  }",
                    "}",
                    "",
                    "const result = someFunction(param1, param2, param3, param4, param5, param6, param7, param8, param9, param10); // too long!",
                    "",
                    "Indentation Problems (FIX):",
                    "- Mixing tabs and spaces",
                    "- Inconsistent indentation levels",
                    "- Lines exceeding 120+ characters",
                    "- Unclear code structure",
                    "",
                    "Solution:",
                    "- Configure automated formatter",
                    "- Set editor to use spaces (not tabs) or consistent tabs",
                    "- Enable line length warnings",
                    "- Break long lines into multiple lines:",
                    "",
                    "const result = someFunction(",
                    "  param1, param2, param3,",
                    "  param4, param5, param6",
                    ");"
                  ]
                }
              }
            ],
            "scanner": "agile_bot.bots.base_bot.src.scanners.consistent_indentation_scanner.ConsistentIndentationScanner"
          },
          "scanner_status": {
            "status": "EXECUTED",
            "scanner_path": "agile_bot.bots.base_bot.src.scanners.consistent_indentation_scanner.ConsistentIndentationScanner",
            "execution_status": "EXECUTION_SUCCESS",
            "violations_found": 0
          },
          "scanner_results": {
            "file_by_file": {
              "violations": []
            },
            "cross_file": {
              "violations": []
            }
          }
        },
        {
          "rule_file": "use_consistent_naming.json",
          "rule_content": {
            "description": "Use one word per concept across the entire codebase. Pick consistent terms (get/fetch/retrieve \u2192 choose one) and follow domain language for business concepts.",
            "examples": [
              {
                "do": {
                  "description": "Maintain consistent naming patterns across codebase",
                  "content": [
                    "Pick one term per concept (get/fetch/retrieve \u2192 choose one)",
                    "Use consistent naming patterns for similar operations",
                    "Follow domain language for business concepts",
                    "Establish team conventions and stick to them",
                    "",
                    "Correct Examples (consistent naming):",
                    "- Always use 'get' for retrieval: getUser, getOrder, getProduct",
                    "- Always use 'create' for new entities: createUser, createOrder",
                    "- Domain terms consistent: Customer (not Client in some places, Customer in others)",
                    "",
                    "Consistency Requirements:",
                    "- One word per concept throughout codebase",
                    "- Same operation = same verb (get, fetch, retrieve \u2192 pick one)",
                    "- Same concept = same noun (user, account, member \u2192 pick one)",
                    "- Follow established conventions in existing code",
                    "- Use domain language consistently"
                  ]
                },
                "dont": {
                  "description": "Don't mix synonyms or use different names for same abstraction",
                  "content": [
                    "Don't mix synonyms for the same concept",
                    "Don't use different names for same abstraction",
                    "Don't encode type information in names (Hungarian notation)",
                    "",
                    "Wrong Examples (inconsistent naming):",
                    "- Mixing: getAccount(), fetchUser(), retrieveOrder() (pick one verb)",
                    "- Mixing: customerAddress, clientName (Customer vs Client)",
                    "- Mixing: userList, accountArray (inconsistent collection naming)",
                    "- Hungarian: strName, intAge, boolActive (type in name)",
                    "",
                    "Inconsistency Indicators (REFACTOR):",
                    "- Multiple verbs for same operation (get/fetch/retrieve)",
                    "- Multiple nouns for same concept (user/account/member)",
                    "- Different patterns for similar entities",
                    "- Type prefixes (str, int, arr, obj)",
                    "",
                    "Establish conventions:",
                    "- get* for simple retrieval",
                    "- fetch* for async/network retrieval (or use get consistently)",
                    "- find* for queries that may not find",
                    "- create/update/delete for mutations",
                    "- is/has/can for boolean checks"
                  ]
                }
              }
            ],
            "scanner": "agile_bot.bots.base_bot.src.scanners.consistent_naming_scanner.ConsistentNamingScanner"
          },
          "scanner_status": {
            "status": "EXECUTED",
            "scanner_path": "agile_bot.bots.base_bot.src.scanners.consistent_naming_scanner.ConsistentNamingScanner",
            "execution_status": "EXECUTION_SUCCESS",
            "violations_found": 0
          },
          "scanner_results": {
            "file_by_file": {
              "violations": []
            },
            "cross_file": {
              "violations": []
            }
          }
        },
        {
          "rule_file": "use_domain_language.json",
          "rule_content": {
            "description": "CRITICAL: Code must use domain-specific language, not generic terms. NEVER use Dict[str, Any], List[str], or generic 'data'/'config'/'parameters' - use typed domain objects. Objects should expose properties representing what they contain (e.g., recommended_trades), not methods that 'generate' or 'calculate' things.",
            "scanner": "agile_bot.bots.base_bot.src.scanners.domain_language_code_scanner.DomainLanguageCodeScanner",
            "examples": [
              {
                "do": {
                  "description": "Use domain-specific language with properties",
                  "content": [
                    "Use domain-specific terms for classes, methods, and variables",
                    "Properties represent what objects contain (recommended_trades)",
                    "Avoid generic terms like 'data', 'config', 'parameter', 'result'",
                    "",
                    "Correct Examples (domain language with properties):",
                    "class RebalanceRecommendation:",
                    "    def __init__(self, portfolio: Portfolio, target: TargetAllocation):",
                    "        self.portfolio = portfolio",
                    "        self.target = target",
                    "",
                    "    @property",
                    "    def recommended_trades(self) -> List[Trade]:",
                    "        # Property represents what the recommendation contains",
                    "        if not hasattr(self, '_recommended_trades'):",
                    "            current_holdings = self.portfolio.holdings.get_many_positions()",
                    "            target_percentages = self.target.asset_classes.percentages",
                    "            self._recommended_trades = self._calculate_trades(",
                    "                current_holdings, target_percentages",
                    "            )",
                    "        return self._recommended_trades"
                  ]
                },
                "dont": {
                  "description": "Don't use generic terms or generate/calculate methods",
                  "content": [
                    "Don't use generic terms like 'data', 'config', 'parameter', 'result' without domain context",
                    "Don't use method names like 'generate' or 'calculate' when a property would better represent the domain concept",
                    "",
                    "Wrong Examples (generic terms):",
                    "class RebalanceRecommendation:",
                    "    def generate(self, portfolio_data: dict, target_config: dict):",
                    "        # Generic 'data' and 'config' terms",
                    "        holdings = portfolio_data['holdings']",
                    "        percentages = target_config['percentages']",
                    "        return self._calculate_trades(holdings, percentages)",
                    "",
                    "Generic Term Indicators (REFACTOR):",
                    "- Variables/parameters using 'data', 'config', 'parameter', 'result' without domain context",
                    "- Methods starting with 'generate', 'calculate' when property would be better",
                    "- Classes/types that are generic without domain meaning"
                  ]
                }
              }
            ]
          },
          "scanner_status": {
            "status": "EXECUTED",
            "scanner_path": "agile_bot.bots.base_bot.src.scanners.domain_language_code_scanner.DomainLanguageCodeScanner",
            "execution_status": "EXECUTION_SUCCESS",
            "violations_found": 35
          },
          "scanner_results": {
            "file_by_file": {
              "violations": [
                {
                  "rule": "use_domain_language",
                  "rule_file": "use_domain_language.json",
                  "violation_message": "Class \"APIResponse\" doesn't match domain terms. Use domain-specific language from specification: action, agent, behavior, bot, call, calls, catalog, class, classes, config...",
                  "severity": "info",
                  "line_number": 19,
                  "location": "C:\\dev\\augmented-teams\\agile_bot\\bots\\base_bot\\src\\repl_cli\\headless\\cursor_api.py"
                },
                {
                  "rule": "use_domain_language",
                  "rule_file": "use_domain_language.json",
                  "violation_message": "Class \"CursorHeadlessAPI\" doesn't match domain terms. Use domain-specific language from specification: action, agent, behavior, bot, call, calls, catalog, class, classes, config...",
                  "severity": "info",
                  "line_number": 30,
                  "location": "C:\\dev\\augmented-teams\\agile_bot\\bots\\base_bot\\src\\repl_cli\\headless\\cursor_api.py"
                },
                {
                  "rule": "use_domain_language",
                  "rule_file": "use_domain_language.json",
                  "violation_message": "Function \"__init__\" doesn't match domain terms. Use domain-specific language from specification: action, agent, behavior, bot, call, calls, catalog, class, classes, config...",
                  "severity": "info",
                  "line_number": 37,
                  "location": "C:\\dev\\augmented-teams\\agile_bot\\bots\\base_bot\\src\\repl_cli\\headless\\cursor_api.py"
                },
                {
                  "rule": "use_domain_language",
                  "rule_file": "use_domain_language.json",
                  "violation_message": "Function \"__init__\" uses parameter name \"api_key\" that doesn't match domain terms. Use domain-specific language: action, agent, behavior, bot, call, calls, catalog, class, classes, config...",
                  "severity": "info",
                  "line_number": 37,
                  "location": "C:\\dev\\augmented-teams\\agile_bot\\bots\\base_bot\\src\\repl_cli\\headless\\cursor_api.py"
                },
                {
                  "rule": "use_domain_language",
                  "rule_file": "use_domain_language.json",
                  "violation_message": "Function \"__init__\" uses parameter name \"model\" that doesn't match domain terms. Use domain-specific language: action, agent, behavior, bot, call, calls, catalog, class, classes, config...",
                  "severity": "info",
                  "line_number": 37,
                  "location": "C:\\dev\\augmented-teams\\agile_bot\\bots\\base_bot\\src\\repl_cli\\headless\\cursor_api.py"
                },
                {
                  "rule": "use_domain_language",
                  "rule_file": "use_domain_language.json",
                  "violation_message": "Function \"__init__\" uses parameter name \"timeout\" that doesn't match domain terms. Use domain-specific language: action, agent, behavior, bot, call, calls, catalog, class, classes, config...",
                  "severity": "info",
                  "line_number": 37,
                  "location": "C:\\dev\\augmented-teams\\agile_bot\\bots\\base_bot\\src\\repl_cli\\headless\\cursor_api.py"
                },
                {
                  "rule": "use_domain_language",
                  "rule_file": "use_domain_language.json",
                  "violation_message": "Function \"__init__\" uses parameter name \"stream\" that doesn't match domain terms. Use domain-specific language: action, agent, behavior, bot, call, calls, catalog, class, classes, config...",
                  "severity": "info",
                  "line_number": 37,
                  "location": "C:\\dev\\augmented-teams\\agile_bot\\bots\\base_bot\\src\\repl_cli\\headless\\cursor_api.py"
                },
                {
                  "rule": "use_domain_language",
                  "rule_file": "use_domain_language.json",
                  "violation_message": "Function \"session_id\" doesn't match domain terms. Use domain-specific language from specification: action, agent, behavior, bot, call, calls, catalog, class, classes, config...",
                  "severity": "info",
                  "line_number": 49,
                  "location": "C:\\dev\\augmented-teams\\agile_bot\\bots\\base_bot\\src\\repl_cli\\headless\\cursor_api.py"
                },
                {
                  "rule": "use_domain_language",
                  "rule_file": "use_domain_language.json",
                  "violation_message": "Function \"chat_id\" doesn't match domain terms. Use domain-specific language from specification: action, agent, behavior, bot, call, calls, catalog, class, classes, config...",
                  "severity": "info",
                  "line_number": 53,
                  "location": "C:\\dev\\augmented-teams\\agile_bot\\bots\\base_bot\\src\\repl_cli\\headless\\cursor_api.py"
                },
                {
                  "rule": "use_domain_language",
                  "rule_file": "use_domain_language.json",
                  "violation_message": "Function \"starts_session\" doesn't match domain terms. Use domain-specific language from specification: action, agent, behavior, bot, call, calls, catalog, class, classes, config...",
                  "severity": "info",
                  "line_number": 57,
                  "location": "C:\\dev\\augmented-teams\\agile_bot\\bots\\base_bot\\src\\repl_cli\\headless\\cursor_api.py"
                },
                {
                  "rule": "use_domain_language",
                  "rule_file": "use_domain_language.json",
                  "violation_message": "Function \"starts_session\" uses parameter name \"instructions\" that doesn't match domain terms. Use domain-specific language: action, agent, behavior, bot, call, calls, catalog, class, classes, config...",
                  "severity": "info",
                  "line_number": 57,
                  "location": "C:\\dev\\augmented-teams\\agile_bot\\bots\\base_bot\\src\\repl_cli\\headless\\cursor_api.py"
                },
                {
                  "rule": "use_domain_language",
                  "rule_file": "use_domain_language.json",
                  "violation_message": "Function \"resumes_session\" doesn't match domain terms. Use domain-specific language from specification: action, agent, behavior, bot, call, calls, catalog, class, classes, config...",
                  "severity": "info",
                  "line_number": 108,
                  "location": "C:\\dev\\augmented-teams\\agile_bot\\bots\\base_bot\\src\\repl_cli\\headless\\cursor_api.py"
                },
                {
                  "rule": "use_domain_language",
                  "rule_file": "use_domain_language.json",
                  "violation_message": "Function \"resumes_session\" uses parameter name \"prompt\" that doesn't match domain terms. Use domain-specific language: action, agent, behavior, bot, call, calls, catalog, class, classes, config...",
                  "severity": "info",
                  "line_number": 108,
                  "location": "C:\\dev\\augmented-teams\\agile_bot\\bots\\base_bot\\src\\repl_cli\\headless\\cursor_api.py"
                },
                {
                  "rule": "use_domain_language",
                  "rule_file": "use_domain_language.json",
                  "violation_message": "Function \"_run_with_streaming\" doesn't match domain terms. Use domain-specific language from specification: action, agent, behavior, bot, call, calls, catalog, class, classes, config...",
                  "severity": "info",
                  "line_number": 129,
                  "location": "C:\\dev\\augmented-teams\\agile_bot\\bots\\base_bot\\src\\repl_cli\\headless\\cursor_api.py"
                },
                {
                  "rule": "use_domain_language",
                  "rule_file": "use_domain_language.json",
                  "violation_message": "Function \"_run_with_streaming\" uses parameter name \"cmd\" that doesn't match domain terms. Use domain-specific language: action, agent, behavior, bot, call, calls, catalog, class, classes, config...",
                  "severity": "info",
                  "line_number": 129,
                  "location": "C:\\dev\\augmented-teams\\agile_bot\\bots\\base_bot\\src\\repl_cli\\headless\\cursor_api.py"
                },
                {
                  "rule": "use_domain_language",
                  "rule_file": "use_domain_language.json",
                  "violation_message": "Function \"_run_with_streaming\" uses parameter name \"timeout\" that doesn't match domain terms. Use domain-specific language: action, agent, behavior, bot, call, calls, catalog, class, classes, config...",
                  "severity": "info",
                  "line_number": 129,
                  "location": "C:\\dev\\augmented-teams\\agile_bot\\bots\\base_bot\\src\\repl_cli\\headless\\cursor_api.py"
                },
                {
                  "rule": "use_domain_language",
                  "rule_file": "use_domain_language.json",
                  "violation_message": "Function \"_print_cleaned_stream_line\" doesn't match domain terms. Use domain-specific language from specification: action, agent, behavior, bot, call, calls, catalog, class, classes, config...",
                  "severity": "info",
                  "line_number": 193,
                  "location": "C:\\dev\\augmented-teams\\agile_bot\\bots\\base_bot\\src\\repl_cli\\headless\\cursor_api.py"
                },
                {
                  "rule": "use_domain_language",
                  "rule_file": "use_domain_language.json",
                  "violation_message": "Function \"_print_cleaned_stream_line\" uses parameter name \"line\" that doesn't match domain terms. Use domain-specific language: action, agent, behavior, bot, call, calls, catalog, class, classes, config...",
                  "severity": "info",
                  "line_number": 193,
                  "location": "C:\\dev\\augmented-teams\\agile_bot\\bots\\base_bot\\src\\repl_cli\\headless\\cursor_api.py"
                },
                {
                  "rule": "use_domain_language",
                  "rule_file": "use_domain_language.json",
                  "violation_message": "Function \"_run_cursor_agent\" uses parameter name \"prompt\" that doesn't match domain terms. Use domain-specific language: action, agent, behavior, bot, call, calls, catalog, class, classes, config...",
                  "severity": "info",
                  "line_number": 269,
                  "location": "C:\\dev\\augmented-teams\\agile_bot\\bots\\base_bot\\src\\repl_cli\\headless\\cursor_api.py"
                },
                {
                  "rule": "use_domain_language",
                  "rule_file": "use_domain_language.json",
                  "violation_message": "Function \"_run_cursor_agent\" uses parameter name \"timeout\" that doesn't match domain terms. Use domain-specific language: action, agent, behavior, bot, call, calls, catalog, class, classes, config...",
                  "severity": "info",
                  "line_number": 269,
                  "location": "C:\\dev\\augmented-teams\\agile_bot\\bots\\base_bot\\src\\repl_cli\\headless\\cursor_api.py"
                },
                {
                  "rule": "use_domain_language",
                  "rule_file": "use_domain_language.json",
                  "violation_message": "Function \"_run_cursor_agent\" uses parameter name \"resume_chat_id\" that doesn't match domain terms. Use domain-specific language: action, agent, behavior, bot, call, calls, catalog, class, classes, config...",
                  "severity": "info",
                  "line_number": 269,
                  "location": "C:\\dev\\augmented-teams\\agile_bot\\bots\\base_bot\\src\\repl_cli\\headless\\cursor_api.py"
                },
                {
                  "rule": "use_domain_language",
                  "rule_file": "use_domain_language.json",
                  "violation_message": "Function \"_run_via_wsl\" doesn't match domain terms. Use domain-specific language from specification: action, agent, behavior, bot, call, calls, catalog, class, classes, config...",
                  "severity": "info",
                  "line_number": 285,
                  "location": "C:\\dev\\augmented-teams\\agile_bot\\bots\\base_bot\\src\\repl_cli\\headless\\cursor_api.py"
                },
                {
                  "rule": "use_domain_language",
                  "rule_file": "use_domain_language.json",
                  "violation_message": "Function \"_run_via_wsl\" uses parameter name \"prompt\" that doesn't match domain terms. Use domain-specific language: action, agent, behavior, bot, call, calls, catalog, class, classes, config...",
                  "severity": "info",
                  "line_number": 285,
                  "location": "C:\\dev\\augmented-teams\\agile_bot\\bots\\base_bot\\src\\repl_cli\\headless\\cursor_api.py"
                },
                {
                  "rule": "use_domain_language",
                  "rule_file": "use_domain_language.json",
                  "violation_message": "Function \"_run_via_wsl\" uses parameter name \"timeout\" that doesn't match domain terms. Use domain-specific language: action, agent, behavior, bot, call, calls, catalog, class, classes, config...",
                  "severity": "info",
                  "line_number": 285,
                  "location": "C:\\dev\\augmented-teams\\agile_bot\\bots\\base_bot\\src\\repl_cli\\headless\\cursor_api.py"
                },
                {
                  "rule": "use_domain_language",
                  "rule_file": "use_domain_language.json",
                  "violation_message": "Function \"_run_via_wsl\" uses parameter name \"resume_chat_id\" that doesn't match domain terms. Use domain-specific language: action, agent, behavior, bot, call, calls, catalog, class, classes, config...",
                  "severity": "info",
                  "line_number": 285,
                  "location": "C:\\dev\\augmented-teams\\agile_bot\\bots\\base_bot\\src\\repl_cli\\headless\\cursor_api.py"
                },
                {
                  "rule": "use_domain_language",
                  "rule_file": "use_domain_language.json",
                  "violation_message": "Function \"_run_directly\" doesn't match domain terms. Use domain-specific language from specification: action, agent, behavior, bot, call, calls, catalog, class, classes, config...",
                  "severity": "info",
                  "line_number": 362,
                  "location": "C:\\dev\\augmented-teams\\agile_bot\\bots\\base_bot\\src\\repl_cli\\headless\\cursor_api.py"
                },
                {
                  "rule": "use_domain_language",
                  "rule_file": "use_domain_language.json",
                  "violation_message": "Function \"_run_directly\" uses parameter name \"prompt\" that doesn't match domain terms. Use domain-specific language: action, agent, behavior, bot, call, calls, catalog, class, classes, config...",
                  "severity": "info",
                  "line_number": 362,
                  "location": "C:\\dev\\augmented-teams\\agile_bot\\bots\\base_bot\\src\\repl_cli\\headless\\cursor_api.py"
                },
                {
                  "rule": "use_domain_language",
                  "rule_file": "use_domain_language.json",
                  "violation_message": "Function \"_run_directly\" uses parameter name \"timeout\" that doesn't match domain terms. Use domain-specific language: action, agent, behavior, bot, call, calls, catalog, class, classes, config...",
                  "severity": "info",
                  "line_number": 362,
                  "location": "C:\\dev\\augmented-teams\\agile_bot\\bots\\base_bot\\src\\repl_cli\\headless\\cursor_api.py"
                },
                {
                  "rule": "use_domain_language",
                  "rule_file": "use_domain_language.json",
                  "violation_message": "Function \"_run_directly\" uses parameter name \"resume_chat_id\" that doesn't match domain terms. Use domain-specific language: action, agent, behavior, bot, call, calls, catalog, class, classes, config...",
                  "severity": "info",
                  "line_number": 362,
                  "location": "C:\\dev\\augmented-teams\\agile_bot\\bots\\base_bot\\src\\repl_cli\\headless\\cursor_api.py"
                },
                {
                  "rule": "use_domain_language",
                  "rule_file": "use_domain_language.json",
                  "violation_message": "Function \"sends_instruction\" doesn't match domain terms. Use domain-specific language from specification: action, agent, behavior, bot, call, calls, catalog, class, classes, config...",
                  "severity": "info",
                  "line_number": 398,
                  "location": "C:\\dev\\augmented-teams\\agile_bot\\bots\\base_bot\\src\\repl_cli\\headless\\cursor_api.py"
                },
                {
                  "rule": "use_domain_language",
                  "rule_file": "use_domain_language.json",
                  "violation_message": "Function \"sends_instruction\" uses parameter name \"instruction\" that doesn't match domain terms. Use domain-specific language: action, agent, behavior, bot, call, calls, catalog, class, classes, config...",
                  "severity": "info",
                  "line_number": 398,
                  "location": "C:\\dev\\augmented-teams\\agile_bot\\bots\\base_bot\\src\\repl_cli\\headless\\cursor_api.py"
                },
                {
                  "rule": "use_domain_language",
                  "rule_file": "use_domain_language.json",
                  "violation_message": "Function \"polls_session_status\" doesn't match domain terms. Use domain-specific language from specification: action, agent, behavior, bot, call, calls, catalog, class, classes, config...",
                  "severity": "info",
                  "line_number": 416,
                  "location": "C:\\dev\\augmented-teams\\agile_bot\\bots\\base_bot\\src\\repl_cli\\headless\\cursor_api.py"
                },
                {
                  "rule": "use_domain_language",
                  "rule_file": "use_domain_language.json",
                  "violation_message": "Function \"terminates_session\" doesn't match domain terms. Use domain-specific language from specification: action, agent, behavior, bot, call, calls, catalog, class, classes, config...",
                  "severity": "info",
                  "line_number": 433,
                  "location": "C:\\dev\\augmented-teams\\agile_bot\\bots\\base_bot\\src\\repl_cli\\headless\\cursor_api.py"
                },
                {
                  "rule": "use_domain_language",
                  "rule_file": "use_domain_language.json",
                  "violation_message": "Function \"_parse_cursor_output\" doesn't match domain terms. Use domain-specific language from specification: action, agent, behavior, bot, call, calls, catalog, class, classes, config...",
                  "severity": "info",
                  "line_number": 438,
                  "location": "C:\\dev\\augmented-teams\\agile_bot\\bots\\base_bot\\src\\repl_cli\\headless\\cursor_api.py"
                },
                {
                  "rule": "use_domain_language",
                  "rule_file": "use_domain_language.json",
                  "violation_message": "Function \"_parse_cursor_output\" uses parameter name \"output\" that doesn't match domain terms. Use domain-specific language: action, agent, behavior, bot, call, calls, catalog, class, classes, config...",
                  "severity": "info",
                  "line_number": 438,
                  "location": "C:\\dev\\augmented-teams\\agile_bot\\bots\\base_bot\\src\\repl_cli\\headless\\cursor_api.py"
                }
              ]
            },
            "cross_file": {
              "violations": []
            }
          }
        },
        {
          "rule_file": "use_exceptions_properly.json",
          "rule_content": {
            "description": "Prefer exceptions over error codes for exceptional conditions. Use exceptions for truly exceptional situations, provide informative error messages, and create domain-specific exception types.",
            "examples": [
              {
                "do": {
                  "description": "Use exceptions for exceptional situations",
                  "content": [
                    "Use exceptions for truly exceptional situations",
                    "Provide informative error messages with context",
                    "Create domain-specific exception types",
                    "Include relevant data in exception objects",
                    "",
                    "Correct Examples (proper exceptions):",
                    "- throw new InvalidOrderException('Order missing required items', {orderId, items})",
                    "- throw new PaymentFailedException('Payment declined', {transactionId, reason})",
                    "- throw new ResourceNotFoundException('User not found', {userId})",
                    "",
                    "Exception Best Practices:",
                    "- Use for truly exceptional conditions (not normal flow)",
                    "- Provide context: what, why, relevant data",
                    "- Create specific exception types for different failures",
                    "- Include actionable information in message",
                    "- Don't expose sensitive data in messages"
                  ]
                },
                "dont": {
                  "description": "Don't use exceptions for normal control flow or return error codes",
                  "content": [
                    "Don't use exceptions for normal control flow",
                    "Don't swallow exceptions silently",
                    "Don't return error codes from modern APIs",
                    "",
                    "Wrong Examples (misused exceptions):",
                    "- try { user = findUser(); } catch { user = createUser(); } // normal flow",
                    "- catch (e) { } // swallowing exception",
                    "- return -1; // error code instead of exception",
                    "- throw new Error('Error') // uninformative message",
                    "",
                    "Exception Misuse Indicators (REFACTOR):",
                    "- Exceptions for expected conditions (empty array, null result)",
                    "- Empty catch blocks silencing errors",
                    "- Generic Error without specific type",
                    "- Error codes (-1, 0, 1) instead of exceptions",
                    "- Exception messages without context",
                    "",
                    "Instead:",
                    "- Use null/optional for 'not found' (expected)",
                    "- Log and/or rethrow exceptions (never swallow)",
                    "- Create specific exception types",
                    "- Include context in error messages",
                    "- Reserve exceptions for truly exceptional cases"
                  ]
                }
              }
            ],
            "scanner": "agile_bot.bots.base_bot.src.scanners.exception_handling_scanner.ExceptionHandlingScanner"
          },
          "scanner_status": {
            "status": "EXECUTED",
            "scanner_path": "agile_bot.bots.base_bot.src.scanners.exception_handling_scanner.ExceptionHandlingScanner",
            "execution_status": "EXECUTION_SUCCESS",
            "violations_found": 0
          },
          "scanner_results": {
            "file_by_file": {
              "violations": []
            },
            "cross_file": {
              "violations": []
            }
          }
        },
        {
          "rule_file": "use_explicit_dependencies.json",
          "rule_content": {
            "description": "CRITICAL: Make dependencies visible through constructor injection. Pass dependencies through constructors, make all dependencies explicit and visible, and use dependency injection for flexibility.",
            "examples": [
              {
                "do": {
                  "description": "Make dependencies explicit and inject them",
                  "content": [
                    "Pass dependencies through constructors",
                    "Make all dependencies explicit and visible",
                    "Use dependency injection for flexibility and testability",
                    "Dependencies visible in constructor signature",
                    "",
                    "Correct Examples (explicit dependencies):",
                    "class OrderService {",
                    "  constructor(",
                    "    private repository: OrderRepository,",
                    "    private emailService: EmailService,",
                    "    private logger: Logger",
                    "  ) {}",
                    "  ",
                    "  processOrder(order) {",
                    "    this.repository.save(order);",
                    "    this.emailService.sendConfirmation(order);",
                    "  }",
                    "}",
                    "",
                    "Explicit Dependency Benefits:",
                    "- Clear what class needs to function",
                    "- Easy to test (inject mocks)",
                    "- No hidden global dependencies",
                    "- Flexible (can swap implementations)",
                    "- Dependencies visible in constructor"
                  ]
                },
                "dont": {
                  "description": "Don't use hidden global state or create dependencies inside classes",
                  "content": [
                    "Don't use hidden global state",
                    "Don't create dependencies inside classes (new Database())",
                    "Don't access singletons directly",
                    "",
                    "Wrong Examples (hidden dependencies):",
                    "class OrderService {",
                    "  processOrder(order) {",
                    "    Database.save(order);           // hidden singleton dependency",
                    "    EmailService.send(order);       // hidden singleton dependency",
                    "    globalLogger.log('processed');  // hidden global dependency",
                    "  }",
                    "}",
                    "",
                    "Hidden Dependency Indicators (REFACTOR):",
                    "- Using global variables/singletons directly",
                    "- Creating dependencies with 'new' inside class",
                    "- Importing modules for side effects",
                    "- Static method calls to external services",
                    "- No constructor parameters despite external dependencies",
                    "",
                    "Refactoring to Explicit Dependencies:",
                    "- Move all 'new' calls out of class",
                    "- Pass dependencies through constructor",
                    "- Replace singleton access with injected interface",
                    "- Make every external dependency a constructor parameter",
                    "- Use dependency injection container for wiring"
                  ]
                }
              }
            ],
            "scanner": "agile_bot.bots.base_bot.src.scanners.explicit_dependencies_scanner.ExplicitDependenciesScanner"
          },
          "scanner_status": {
            "status": "EXECUTED",
            "scanner_path": "agile_bot.bots.base_bot.src.scanners.explicit_dependencies_scanner.ExplicitDependenciesScanner",
            "execution_status": "EXECUTION_SUCCESS",
            "violations_found": 0
          },
          "scanner_results": {
            "file_by_file": {
              "violations": []
            },
            "cross_file": {
              "violations": []
            }
          }
        },
        {
          "rule_file": "use_natural_english.json",
          "rule_content": {
            "description": "CRITICAL: Code must use natural English for method names, variable names, and relationships. Use 'many' for collections, 'may' for optional, 'will' for required. Don't use technical notation or abbreviations.",
            "scanner": "agile_bot.bots.base_bot.src.scanners.natural_english_code_scanner.NaturalEnglishCodeScanner",
            "examples": [
              {
                "do": {
                  "description": "Use natural English in code",
                  "content": [
                    "Use descriptive method names in natural English",
                    "Use 'many' for collections (get_many_positions)",
                    "Use 'may' for optional (may_find_position)",
                    "Use 'will' for required (will_create_portfolio)",
                    "",
                    "Correct Examples (natural English):",
                    "class WealthAdvisor:",
                    "    def create_portfolio(self, client: Client, strategy: InvestmentStrategy) -> Portfolio:",
                    "        # 'Create' - required action",
                    "        pass",
                    "",
                    "    def get_portfolio(self) -> Optional[Portfolio]:",
                    "        # 'Get' - may return None, but method name doesn't need 'may'",
                    "        return self._portfolio",
                    "",
                    "    def may_update_portfolio(self, portfolio: Portfolio) -> bool:",
                    "        # 'May' - optional action",
                    "        return self._can_update(portfolio)",
                    "",
                    "    def get_many_clients(self) -> List[Client]:",
                    "        # 'Get many' - accessing collection",
                    "        return self._clients",
                    "",
                    "class Holdings:",
                    "    def get_many_positions(self) -> List[Position]:",
                    "        # 'Get many' - accessing collection",
                    "        return self._positions",
                    "",
                    "    def may_find_position(self, symbol: str) -> Optional[Position]:",
                    "        # 'May find' - optional, may not exist",
                    "        return self._positions.get(symbol)"
                  ]
                },
                "dont": {
                  "description": "Don't use technical notation or abbreviations",
                  "content": [
                    "Don't use abbreviations or technical notation",
                    "Don't use cryptic names",
                    "",
                    "Wrong Examples (technical notation):",
                    "class WealthAdvisor:",
                    "    def get_portfolio_0_1(self) -> Optional[Portfolio]:",
                    "        # Technical notation in name",
                    "        pass",
                    "",
                    "    def get_clients_1_star(self) -> List[Client]:",
                    "        # Technical notation",
                    "        pass",
                    "",
                    "    def update_portfolio_optional(self, portfolio: Portfolio):",
                    "        # 'optional' suffix instead of 'may'",
                    "        pass",
                    "",
                    "Technical Notation Indicators (REFACTOR):",
                    "- Method names with '0_1', '1_star', 'optional', 'nullable'",
                    "- Abbreviations instead of full words",
                    "- Cryptic names that require domain knowledge to understand"
                  ]
                }
              }
            ]
          },
          "scanner_status": {
            "status": "EXECUTED",
            "scanner_path": "agile_bot.bots.base_bot.src.scanners.natural_english_code_scanner.NaturalEnglishCodeScanner",
            "execution_status": "EXECUTION_SUCCESS",
            "violations_found": 0
          },
          "scanner_results": {
            "file_by_file": {
              "violations": []
            },
            "cross_file": {
              "violations": []
            }
          }
        },
        {
          "rule_file": "use_resource_oriented_design.json",
          "rule_content": {
            "description": "CRITICAL: Code must use resource-oriented, object-oriented design. Use object-oriented classes (singular or collection) with responsibilities that encapsulate logic over manager/doer/loader patterns. Maximize encapsulation through collaborator relationships.",
            "scanner": "agile_bot.bots.base_bot.src.scanners.resource_oriented_code_scanner.ResourceOrientedCodeScanner",
            "examples": [
              {
                "do": {
                  "description": "Use resource-oriented classes",
                  "content": [
                    "Create object-oriented classes (singular or collection)",
                    "Encapsulate logic in classes, not separate manager classes",
                    "Use collection classes (Behaviors, Rules, Holdings) instead of managers",
                    "",
                    "Correct Examples (resource-oriented):",
                    "class Portfolio:",
                    "    def __init__(self, account_id: AccountId, risk_tolerance: RiskTolerance):",
                    "        self.account_id = account_id",
                    "        self.risk_tolerance = risk_tolerance",
                    "",
                    "    @property",
                    "    def holdings(self) -> Holdings:",
                    "        if not hasattr(self, '_holdings'):",
                    "            self._holdings = Holdings(self)",
                    "        return self._holdings",
                    "",
                    "class Holdings:",
                    "    def __init__(self, portfolio: Portfolio):",
                    "        self._portfolio = portfolio",
                    "        self._positions = []",
                    "",
                    "    def get_many_positions(self) -> List[Position]:",
                    "        return list(self._positions)"
                  ]
                },
                "dont": {
                  "description": "Don't create manager/doer/loader classes",
                  "content": [
                    "Don't create classes ending in 'Manager', 'Loader', 'Handler', 'Doer'",
                    "Don't separate loading logic from domain concepts",
                    "",
                    "Wrong Examples (manager pattern):",
                    "class PortfolioManager:",
                    "    def __init__(self, file_system):",
                    "        self.file_system = file_system",
                    "",
                    "    def get_holdings(self, client_id, account_id):",
                    "        return self._load_holdings(client_id, account_id)",
                    "",
                    "    def calculate_total_value(self, holdings):",
                    "        return sum(h.value for h in holdings)",
                    "",
                    "class HoldingsLoader:",
                    "    def __init__(self, file_system):",
                    "        self.file_system = file_system",
                    "",
                    "    def load_holdings(self, client_id, account_id):",
                    "        pass",
                    "",
                    "Manager Pattern Indicators (REFACTOR):",
                    "- Classes ending in 'Manager', 'Loader', 'Handler', 'Doer'",
                    "- Classes that operate on other domain concepts without being part of them",
                    "- Classes that expose loading/storage mechanisms instead of domain concepts"
                  ]
                }
              }
            ]
          },
          "scanner_status": {
            "status": "EXECUTED",
            "scanner_path": "agile_bot.bots.base_bot.src.scanners.resource_oriented_code_scanner.ResourceOrientedCodeScanner",
            "execution_status": "EXECUTION_SUCCESS",
            "violations_found": 0
          },
          "scanner_results": {
            "file_by_file": {
              "violations": []
            },
            "cross_file": {
              "violations": []
            }
          }
        }
      ],
      "content_to_validate": null,
      "report_path": "C:\\dev\\augmented-teams\\agile_bot\\bots\\base_bot\\docs\\stories\\reports\\code-validation-report-2025-12-30_03-09-17.md",
      "report_link": "[docs\\stories\\reports\\code-validation-report-2025-12-30_03-09-17.md](vscode://file/C:/dev/augmented-teams/agile_bot/bots/base_bot/docs/stories/reports/code-validation-report-2025-12-30_03-09-17.md)"
    }
  }
}



Do NOT ask questions or wait for user input - just complete the work autonomously.

If blocked, report reason clearly.
[2025-12-30 03:09:23] Recoverable error: cursor-agent failed (exit 126): /bin/bash: line 1: /usr/bin/bash: Argument list too long. Attempt 2
[2025-12-30 03:09:25] Session session_20251230_030921 started
[2025-12-30 03:09:25] Instructions: Keep doing this until 100% done or blocked:

Keep doing this until 100% done or blocked:

{
  "status": "success",
  "behavior": "code",
  "action": "validate",
  "data": {
    "instructions": {
      "action": "validate",
      "behavior": "code",
      "base_instructions": [
        "## Step 1: Scanner Violation Review",
        "",
        "{{scanner_output}}",
        "",
        "Carefully review all scanner-reported violations as follows:",
        "1. For each violation message, locate the corresponding element in the knowledge graph.",
        "2. Open the relevant rule file and read all DO and DON'T examples thoroughly.",
        "3. Decide if the violation is **Valid** (truly a rule breach per examples) or a **False Positive** (explain why if so).",
        "4. Determine the **Root Cause** (e.g., 'incorrect concept naming', 'missing actor', etc.).",
        "5. Assign a **Theme** grouping based on the type of issue (e.g., 'noun-only naming', 'incomplete acceptance criteria').",
        "6. Extract an **Example** from the actual code/content showing the problem.",
        "7. Suggest a clear, concrete **Fix** with a code example informed by DO examples in the rule.",
        "",
        "## Step 2: Manual Rule Review",
        "",
        "{{rules}}",
        "",
        "Scanner tools don't cover or catch every rule violation. Do a second pass:",
        "1. Carefully read each rule file, fully reviewing DO and DON'T sections, and every provided example.",
        "2. Inspect {scope} for compliance.",
        "3. Compare the properties and content of each element against the rule's requirements.",
        "4. Document any violations the scanner could not find.",
        "5. For each violation, extract an **Example** showing the problem and provide a **Fix** with code example.",
        "",
        "## Unified Violations Table",
        "",
        "Record ALL findings (scanner + manual) in this comprehensive table. Only include rows for actual violations found:",
        "",
        "| Theme | Rule | Location | Valid/FP | Source | Root Cause | Problem Example | Fix with Code Example |",
        "|-------|------|----------|----------|--------|------------|-----------------|----------------------|",
        "",
        "**Column Guide:**",
        "- **Theme**: Grouping category (e.g., 'naming violations', 'missing behavior', 'mechanism-oriented language')",
        "- **Rule**: Name of the rule being violated",
        "- **Location**: Path in knowledge graph (e.g., `epics[1].sub_epics[0].name`) or file path",
        "- **Valid/FP**: Valid if rule breach, False Positive if incorrectly flagged (explain why)",
        "- **Source**: Scanner (detected by automated scanner), Manual (found during AI review), Both (flagged by scanner AND confirmed by manual review)",
        "- **Root Cause**: Underlying reason for the violation",
        "- **Problem Example**: Actual code/text showing the issue (e.g., `\"Strategy Types\"`, `\"Create Mobs\"`)",
        "- **Fix with Code Example**: Corrected version (e.g., `\"Select Strategy\"`, `\"Assembles Combat Mob\"`)",
        "",
        "## Step 3: Summarize Findings & Recommendations",
        "",
        "Provide a concise summary:",
        "- Report how many **scanner violations** were valid vs false positives.",
        "- Enumerate any **additional manual findings** not caught by scanners.",
        "- Group all violations by recurring theme or pattern.",
        "- Split violations into **Priority Fixes** (must resolve before continuing) and **Optional Improvements**.",
        "",
        "Present your summary and await user confirmation before automatically applying or proposing corrections.",
        "\n=== SCANNER EXECUTION STATUS ===",
        "Successfully Executed: 30",
        "Load Failed: 0",
        "Execution Failed: 0",
        "No Scanner: 2",
        "",
        "All scanners executed successfully.",
        "=== END SCANNER STATUS ===\n",
        "Based on code scanner diagnostics, edit the knowledge graph to fix violations:",
        "Rule avoid_unnecessary_parameter_passing.json: 4 file-by-file, 0 cross-file violations",
        "Rule chain_dependencies_properly.json: 4 file-by-file, 0 cross-file violations",
        "Rule enforce_encapsulation.json: 1 file-by-file, 0 cross-file violations",
        "Rule keep_classes_small_with_single_responsibility.json: 1 file-by-file, 0 cross-file violations",
        "Rule keep_functions_small_focused.json: 1 file-by-file, 0 cross-file violations",
        "Rule maintain_vertical_density.json: 3 file-by-file, 0 cross-file violations",
        "Rule never_swallow_exceptions.json: 1 file-by-file, 0 cross-file violations",
        "Rule simplify_control_flow.json: 2 file-by-file, 0 cross-file violations",
        "Rule stop_writing_useless_comments.json: 14 file-by-file, 0 cross-file violations",
        "Rule use_domain_language.json: 35 file-by-file, 0 cross-file violations",
        "Review each violation and update the knowledge graph accordingly.",
        "\nValidation report: [docs\\stories\\reports\\code-validation-report-2025-12-30_03-09-17.md](vscode://file/C:/dev/augmented-teams/agile_bot/bots/base_bot/docs/stories/reports/code-validation-report-2025-12-30_03-09-17.md)"
      ],
      "validation_rules": [
        {
          "rule_file": "avoid_excessive_guards.json",
          "rule_content": {
            "description": "Excessive guard clauses add to cyclomatic complexity and make code harder to read. Centralize error handling in one place rather than scattering defensive checks throughout the code. Let code fail fast with clear errors rather than silently handling missing components.",
            "examples": [
              {
                "do": {
                  "description": "Centralize error handling and let code fail fast",
                  "content": [
                    "Assume components are properly initialized",
                    "Let exceptions propagate to centralized error handlers",
                    "Use type hints and contracts to document expectations",
                    "Fail fast with clear error messages",
                    "",
                    "Correct Examples (no excessive guards):",
                    "- Direct access: self.knowledge.instructions (assumes knowledge exists)",
                    "- Direct property: self.behavior.bot_paths (assumes behavior exists)",
                    "- Direct method call: file.read_text() (let it fail if file missing)",
                    "",
                    "Centralized Error Handling:",
                    "- Handle errors at boundaries (API endpoints, CLI entry points)",
                    "- Use decorators or middleware for common error handling",
                    "- Let exceptions bubble up to appropriate handler",
                    "- Document expected state in docstrings/type hints",
                    "",
                    "Fail Fast Principles:",
                    "- Remove defensive checks that hide problems",
                    "- Trust initialization and setup",
                    "- Use assertions for invariants in development",
                    "- Let type system catch errors where possible"
                  ]
                },
                "dont": {
                  "description": "Don't scatter defensive checks throughout code",
                  "content": [
                    "Don't check if every variable exists before using it",
                    "Don't use hasattr() checks everywhere",
                    "Don't check file.exists() before reading",
                    "Don't check isinstance() defensively",
                    "Don't check variable truthiness before every operation",
                    "",
                    "Wrong Examples (excessive guards):",
                    "- if self.knowledge and self.knowledge.instructions: (assume knowledge exists)",
                    "- if file.exists(): file.read() (let read fail if missing)",
                    "- if hasattr(obj, 'attr'): obj.attr (assume attr exists)",
                    "- if isinstance(obj, Type): obj.method() (trust type system)",
                    "- Multiple if checks in same function for None/existence",
                    "",
                    "Excessive Guard Indicators:",
                    "- Multiple if/None checks in same function",
                    "- hasattr() checks before attribute access",
                    "- File existence checks before file operations",
                    "- isinstance() checks used defensively (not for polymorphism)",
                    "- Variable truthiness checks before every operation",
                    "- Guard clauses that silently return None/empty",
                    "- Defensive checks that hide initialization problems",
                    "",
                    "Refactoring Strategies:",
                    "- Remove guards and let code fail fast",
                    "- Centralize error handling at boundaries",
                    "- Use type hints to document expectations",
                    "- Trust initialization and setup",
                    "- Move error handling to appropriate layer",
                    "- Use exceptions instead of silent failures"
                  ]
                }
              }
            ],
            "scanner": "agile_bot.bots.base_bot.src.scanners.excessive_guards_scanner.ExcessiveGuardsScanner"
          },
          "scanner_status": {
            "status": "EXECUTED",
            "scanner_path": "agile_bot.bots.base_bot.src.scanners.excessive_guards_scanner.ExcessiveGuardsScanner",
            "execution_status": "EXECUTION_SUCCESS",
            "violations_found": 0
          },
          "scanner_results": {
            "file_by_file": {
              "violations": []
            },
            "cross_file": {
              "violations": []
            }
          }
        },
        {
          "rule_file": "avoid_unnecessary_parameter_passing.json",
          "rule_content": {
            "description": "Don't pass parameters to internal methods when the value is already accessible through instance variables. Access instance properties directly instead of passing them around unnecessarily.",
            "examples": [
              {
                "do": {
                  "description": "Access instance properties directly in internal methods",
                  "content": [
                    "Use self.property_name directly in internal methods",
                    "Access instance variables through self",
                    "Only pass parameters when they're not available through self",
                    "",
                    "Correct Examples (direct access):",
                    "- self._load_render_instructions() instead of self._load_render_instructions(self.behavior.folder)",
                    "- self._find_render_folder() instead of self._find_render_folder(self.behavior.folder)",
                    "- Direct access: self.behavior.bot_paths instead of passing bot_paths parameter",
                    "",
                    "When Parameters Are Appropriate:",
                    "- External API methods that need explicit parameters",
                    "- Public methods that are part of the interface",
                    "- Methods that need different values than what's in self",
                    "- Methods that operate on passed-in data structures",
                    "",
                    "Internal Method Pattern:",
                    "- Private methods (_method_name) should use self directly",
                    "- Helper methods should access instance state through self",
                    "- Only pass parameters for values not in instance state"
                  ]
                },
                "dont": {
                  "description": "Don't pass instance properties as parameters to internal methods",
                  "content": [
                    "Don't pass self.property as parameter to internal method",
                    "Don't extract instance variable just to pass it to another method",
                    "Don't pass properties that are already accessible through self",
                    "",
                    "Wrong Examples (unnecessary passing):",
                    "- behavior_folder = self.behavior.folder; self._load(behavior_folder)",
                    "- bot_paths = self.behavior.bot_paths; self._process(bot_paths)",
                    "- working_dir = self.working_dir; self._do_something(working_dir)",
                    "",
                    "Unnecessary Parameter Passing Indicators:",
                    "- Variable extracted from self just before method call",
                    "- Parameter passed to method that could access self.property directly",
                    "- Internal method receives parameter that matches instance property",
                    "- Same value passed through multiple method calls",
                    "",
                    "Refactoring Strategies:",
                    "- Remove parameter from method signature",
                    "- Access property directly through self in method body",
                    "- Remove intermediate variable extraction",
                    "- Simplify method calls to not pass instance properties"
                  ]
                }
              }
            ],
            "scanner": "agile_bot.bots.base_bot.src.scanners.unnecessary_parameter_passing_scanner.UnnecessaryParameterPassingScanner"
          },
          "scanner_status": {
            "status": "EXECUTED",
            "scanner_path": "agile_bot.bots.base_bot.src.scanners.unnecessary_parameter_passing_scanner.UnnecessaryParameterPassingScanner",
            "execution_status": "EXECUTION_SUCCESS",
            "violations_found": 4
          },
          "scanner_results": {
            "file_by_file": {
              "violations": [
                {
                  "rule": "avoid_unnecessary_parameter_passing",
                  "rule_file": "avoid_unnecessary_parameter_passing.json",
                  "violation_message": "Internal method \"_run_with_streaming\" receives parameter \"timeout\" that matches instance attribute. Consider accessing via self.timeout instead.",
                  "severity": "warning",
                  "line_number": 129,
                  "location": "C:\\dev\\augmented-teams\\agile_bot\\bots\\base_bot\\src\\repl_cli\\headless\\cursor_api.py"
                },
                {
                  "rule": "avoid_unnecessary_parameter_passing",
                  "rule_file": "avoid_unnecessary_parameter_passing.json",
                  "violation_message": "Internal method \"_run_cursor_agent\" receives parameter \"timeout\" that matches instance attribute. Consider accessing via self.timeout instead.",
                  "severity": "warning",
                  "line_number": 269,
                  "location": "C:\\dev\\augmented-teams\\agile_bot\\bots\\base_bot\\src\\repl_cli\\headless\\cursor_api.py"
                },
                {
                  "rule": "avoid_unnecessary_parameter_passing",
                  "rule_file": "avoid_unnecessary_parameter_passing.json",
                  "violation_message": "Internal method \"_run_via_wsl\" receives parameter \"timeout\" that matches instance attribute. Consider accessing via self.timeout instead.",
                  "severity": "warning",
                  "line_number": 285,
                  "location": "C:\\dev\\augmented-teams\\agile_bot\\bots\\base_bot\\src\\repl_cli\\headless\\cursor_api.py"
                },
                {
                  "rule": "avoid_unnecessary_parameter_passing",
                  "rule_file": "avoid_unnecessary_parameter_passing.json",
                  "violation_message": "Internal method \"_run_directly\" receives parameter \"timeout\" that matches instance attribute. Consider accessing via self.timeout instead.",
                  "severity": "warning",
                  "line_number": 362,
                  "location": "C:\\dev\\augmented-teams\\agile_bot\\bots\\base_bot\\src\\repl_cli\\headless\\cursor_api.py"
                }
              ]
            },
            "cross_file": {
              "violations": []
            }
          }
        },
        {
          "rule_file": "chain_dependencies_properly.json",
          "rule_content": {
            "description": "CRITICAL: Code must chain dependencies properly with constructor injection. Map dependencies in a chain: highest-level object \u2192 collaborator \u2192 sub-collaborator. Inject collaborators at construction time so methods can use them without passing them as parameters. Access sub-collaborators through their owning objects.",
            "scanner": "agile_bot.bots.base_bot.src.scanners.dependency_chaining_code_scanner.DependencyChainingCodeScanner",
            "examples": [
              {
                "do": {
                  "description": "Chain dependencies properly with constructor injection",
                  "content": [
                    "Inject collaborators at construction time (__init__)",
                    "Methods use injected collaborators without re-passing them",
                    "Access sub-collaborators through owning objects",
                    "",
                    "Correct Examples (constructor injection):",
                    "class WealthAdvisor:",
                    "    def __init__(self, client: Client, investment_strategy: InvestmentStrategy):",
                    "        self.client = client  # injected at construction",
                    "        self.investment_strategy = investment_strategy",
                    "",
                    "    def create_portfolio(self) -> Portfolio:",
                    "        # Uses injected collaborators - dependencies shown here",
                    "        account_id = self.client.account_id",
                    "        risk_tolerance = self.get_risk_tolerance()",
                    "        return Portfolio(account_id, risk_tolerance)",
                    "",
                    "    def get_portfolio(self) -> Portfolio:",
                    "        # No dependencies needed - portfolio already created",
                    "        return self._portfolio",
                    "",
                    "    def get_risk_tolerance(self) -> RiskTolerance:",
                    "        # Gets strategy from client (client owns it)",
                    "        client_strategy = self.client.investment_strategy",
                    "        return self._calculate_risk_tolerance(",
                    "            self.client.risk_profile,",
                    "            client_strategy.risk_tolerance",
                    "        )"
                  ]
                },
                "dont": {
                  "description": "Don't skip levels or expose all dependencies in every method",
                  "content": [
                    "Don't skip levels in dependency chain",
                    "Don't list every dependency in every method signature",
                    "Don't access sub-collaborators directly when they belong to another object",
                    "",
                    "Wrong Examples (skipping levels):",
                    "class WealthAdvisor:",
                    "    def create_portfolio(self, account_id: AccountId, risk_tolerance: RiskTolerance,",
                    "                        asset_allocation: AssetAllocation):",
                    "        # Too many dependencies, skipping Client and InvestmentStrategy levels",
                    "        return Portfolio(account_id, risk_tolerance)",
                    "",
                    "Dependency Chain Violation Indicators (REFACTOR):",
                    "- Methods taking dependencies that should be accessed through owning objects",
                    "- Skipping levels in dependency chain (A \u2192 C instead of A \u2192 B \u2192 C)",
                    "- Every method listing all dependencies instead of using injected collaborators"
                  ]
                }
              }
            ]
          },
          "scanner_status": {
            "status": "EXECUTED",
            "scanner_path": "agile_bot.bots.base_bot.src.scanners.dependency_chaining_code_scanner.DependencyChainingCodeScanner",
            "execution_status": "EXECUTION_SUCCESS",
            "violations_found": 4
          },
          "scanner_results": {
            "file_by_file": {
              "violations": [
                {
                  "rule": "chain_dependencies_properly",
                  "rule_file": "chain_dependencies_properly.json",
                  "violation_message": "Method \"_run_with_streaming\" in class \"CursorHeadlessAPI\" takes parameter \"timeout\" that is already injected in __init__. Use self.timeout instead.\n\n```python\n            raise RecoverableError('cursor-agent timed out')\n    \n    def _run_with_streaming(self, cmd: List[str], timeout: int) -> subprocess.CompletedProcess:\n        \"\"\"Run command with real-time streaming output.\"\"\"\n        import time\n    # ... (truncated)\n```",
                  "severity": "warning",
                  "line_number": 129,
                  "location": "C:\\dev\\augmented-teams\\agile_bot\\bots\\base_bot\\src\\repl_cli\\headless\\cursor_api.py"
                },
                {
                  "rule": "chain_dependencies_properly",
                  "rule_file": "chain_dependencies_properly.json",
                  "violation_message": "Method \"_run_cursor_agent\" in class \"CursorHeadlessAPI\" takes parameter \"timeout\" that is already injected in __init__. Use self.timeout instead.\n\n```python\n                sys.stdout.flush()\n    \n    def _run_cursor_agent(self, prompt: str, timeout: int, resume_chat_id: Optional[str] = None) -> subprocess.CompletedProcess:\n        \"\"\"Run cursor-agent CLI command.\n        \n    # ... (truncated)\n```",
                  "severity": "warning",
                  "line_number": 269,
                  "location": "C:\\dev\\augmented-teams\\agile_bot\\bots\\base_bot\\src\\repl_cli\\headless\\cursor_api.py"
                },
                {
                  "rule": "chain_dependencies_properly",
                  "rule_file": "chain_dependencies_properly.json",
                  "violation_message": "Method \"_run_via_wsl\" in class \"CursorHeadlessAPI\" takes parameter \"timeout\" that is already injected in __init__. Use self.timeout instead.\n\n```python\n            return self._run_directly(prompt, timeout, resume_chat_id)\n    \n    def _run_via_wsl(self, prompt: str, timeout: int, resume_chat_id: Optional[str] = None) -> subprocess.CompletedProcess:\n        \"\"\"Run cursor-agent via WSL Ubuntu on Windows.\"\"\"\n        import tempfile\n    # ... (truncated)\n```",
                  "severity": "warning",
                  "line_number": 285,
                  "location": "C:\\dev\\augmented-teams\\agile_bot\\bots\\base_bot\\src\\repl_cli\\headless\\cursor_api.py"
                },
                {
                  "rule": "chain_dependencies_properly",
                  "rule_file": "chain_dependencies_properly.json",
                  "violation_message": "Method \"_run_directly\" in class \"CursorHeadlessAPI\" takes parameter \"timeout\" that is already injected in __init__. Use self.timeout instead.\n\n```python\n                    pass\n    \n    def _run_directly(self, prompt: str, timeout: int, resume_chat_id: Optional[str] = None) -> subprocess.CompletedProcess:\n        \"\"\"Run cursor-agent directly on Linux/Mac.\"\"\"\n        if self.stream:\n    # ... (truncated)\n```",
                  "severity": "warning",
                  "line_number": 362,
                  "location": "C:\\dev\\augmented-teams\\agile_bot\\bots\\base_bot\\src\\repl_cli\\headless\\cursor_api.py"
                }
              ]
            },
            "cross_file": {
              "violations": []
            }
          }
        },
        {
          "rule_file": "classify_exceptions_by_caller_needs.json",
          "rule_content": {
            "description": "Design exceptions based on how callers will handle them. Create exception types based on caller's needs, use special case objects for predictable failures, and wrap third-party exceptions at boundaries.",
            "examples": [
              {
                "do": {
                  "description": "Design exceptions based on how they will be handled",
                  "content": [
                    "Create exception types based on caller's needs",
                    "Use special case objects for predictable failures",
                    "Wrap third-party exceptions at boundaries",
                    "Group similar failures into single exception type if handled same way",
                    "",
                    "Correct Examples (caller-focused exceptions):",
                    "- NetworkException (caller: retry logic)",
                    "- ValidationException (caller: show form errors)",
                    "- AuthorizationException (caller: redirect to login)",
                    "- class NullUser extends User { ... } // special case object",
                    "",
                    "Exception Design Requirements:",
                    "- Exception type reflects how caller handles it",
                    "- Similar handling = same exception type",
                    "- Different handling = different exception type",
                    "- Wrap third-party exceptions to avoid leaking dependencies",
                    "- Use special case pattern for predictable null/empty cases"
                  ]
                },
                "dont": {
                  "description": "Don't create exception hierarchies by component only",
                  "content": [
                    "Don't create exception hierarchies by component/type only",
                    "Don't force callers to handle many similar exception types",
                    "Don't leak third-party exception types",
                    "",
                    "Wrong Examples (component-focused exceptions):",
                    "- DatabaseConnectionException, DatabaseQueryException, DatabaseUpdateException",
                    "  (if caller handles all same way, use single DatabaseException)",
                    "- Catching SQLException throughout codebase (leak third-party type)",
                    "- 20 different exception types caller must handle individually",
                    "",
                    "Poor Exception Design Indicators (REFACTOR):",
                    "- Exception hierarchy based on technical components",
                    "- Many exception types handled identically",
                    "- Third-party exceptions used directly in business logic",
                    "- Callers forced to catch many similar exceptions",
                    "",
                    "Refactoring Strategy:",
                    "- Group exceptions by how caller handles them",
                    "- Create wrapper exceptions at boundaries",
                    "- Use special case objects instead of null checks",
                    "- Reduce exception types caller must know about",
                    "",
                    "Example wrapper:",
                    "try {",
                    "  return thirdPartyLib.call();",
                    "} catch (ThirdPartyException e) {",
                    "  throw new OurDomainException(e);",
                    "}"
                  ]
                }
              }
            ],
            "scanner": "agile_bot.bots.base_bot.src.scanners.exception_classification_scanner.ExceptionClassificationScanner"
          },
          "scanner_status": {
            "status": "EXECUTED",
            "scanner_path": "agile_bot.bots.base_bot.src.scanners.exception_classification_scanner.ExceptionClassificationScanner",
            "execution_status": "EXECUTION_SUCCESS",
            "violations_found": 0
          },
          "scanner_results": {
            "file_by_file": {
              "violations": []
            },
            "cross_file": {
              "violations": []
            }
          }
        },
        {
          "rule_file": "delegate_to_lowest_level.json",
          "rule_content": {
            "description": "CRITICAL: Code must delegate responsibilities to the lowest-level object that can handle them. If a collection class can do something, delegate to it rather than implementing it in the parent.",
            "scanner": "agile_bot.bots.base_bot.src.scanners.delegation_code_scanner.DelegationCodeScanner",
            "examples": [
              {
                "do": {
                  "description": "Delegate to lowest-level objects",
                  "content": [
                    "Parent objects delegate to collection classes",
                    "Collection classes handle their own responsibilities directly",
                    "Methods take what they need directly, not through parent",
                    "",
                    "Correct Examples (delegation to lowest level):",
                    "class Bot:",
                    "    def __init__(self, name: str, workspace: Workspace):",
                    "        self.name = name",
                    "        self.workspace = workspace",
                    "        self.behaviors = Behaviors(self)  # injected",
                    "",
                    "    def find_behavior_by_name(self, name: str) -> Optional[Behavior]:",
                    "        # Delegates to Behaviors - the lowest level that can do this",
                    "        return self.behaviors.find_by_name(name)",
                    "",
                    "class Behaviors:",
                    "    def __init__(self, bot: Bot):",
                    "        self.bot = bot",
                    "",
                    "    def find_by_name(self, name: str) -> Optional[Behavior]:",
                    "        # Lowest level - does the actual finding",
                    "        # Takes name directly, not through bot",
                    "        return self._behaviors.get(name)"
                  ]
                },
                "dont": {
                  "description": "Don't implement responsibilities in parent when child can handle them",
                  "content": [
                    "Don't have parent objects doing what child objects should do",
                    "Don't create unnecessary delegation chains",
                    "",
                    "Wrong Examples (parent doing child's work):",
                    "class Bot:",
                    "    def find_behavior_by_name(self, name: str) -> Optional[Behavior]:",
                    "        # Bot doing what Behaviors should do",
                    "        for behavior in self.behaviors:",
                    "            if behavior.name == name:",
                    "                return behavior",
                    "        return None",
                    "",
                    "# BAD: Unnecessary delegation chain",
                    "class Bot:",
                    "    def find_behavior_by_name(self, name: str) -> Optional[Behavior]:",
                    "        return self.behaviors.find_behavior(name)  # Behaviors delegates again?",
                    "",
                    "class Behaviors:",
                    "    def find_behavior(self, name: str) -> Optional[Behavior]:",
                    "        return self.finder.find(name)  # Unnecessary extra level",
                    "",
                    "class BehaviorFinder:  # Unnecessary abstraction",
                    "    def find(self, name: str) -> Optional[Behavior]:",
                    "        pass",
                    "",
                    "Delegation Violation Indicators (REFACTOR):",
                    "- Parent objects implementing responsibilities that belong to child objects",
                    "- Unnecessary delegation chains (A delegates to B which delegates to C)",
                    "- Methods in parent that iterate through child collections instead of delegating"
                  ]
                }
              }
            ]
          },
          "scanner_status": {
            "status": "EXECUTED",
            "scanner_path": "agile_bot.bots.base_bot.src.scanners.delegation_code_scanner.DelegationCodeScanner",
            "execution_status": "EXECUTION_SUCCESS",
            "violations_found": 0
          },
          "scanner_results": {
            "file_by_file": {
              "violations": []
            },
            "cross_file": {
              "violations": []
            }
          }
        },
        {
          "rule_file": "detect_legacy_unused_code.json",
          "rule_content": {
            "description": "CRITICAL: Legacy code that is not used by any other code or front-end interfaces (CLI, MCP, web) should be removed. Unused code increases maintenance burden, creates confusion, and violates YAGNI (You Aren't Gonna Need It) principle.",
            "examples": [
              {
                "do": {
                  "description": "Remove unused code and keep codebase lean",
                  "content": [
                    "Delete classes/modules that are not imported anywhere",
                    "Remove functions/methods that are never called",
                    "Eliminate code not used by CLI, MCP, or other front-end interfaces",
                    "Keep only code that is actively used or referenced",
                    "",
                    "Correct Examples (clean codebase):",
                    "- All classes are imported and used by other modules",
                    "- All functions are called from somewhere in the codebase",
                    "- All modules are referenced by CLI, MCP, or test code",
                    "- No orphaned files or dead code paths",
                    "",
                    "Legacy Code Detection Requirements:",
                    "- Class/module must be imported by at least one other module",
                    "- Function/method must be called from production or test code",
                    "- Code must be accessible via CLI, MCP, or other front-end",
                    "- Test-only code must be in test directories and used by tests"
                  ]
                },
                "dont": {
                  "description": "Don't keep unused legacy code or orphaned modules",
                  "content": [
                    "Don't keep classes that are never imported",
                    "Don't maintain functions that are never called",
                    "Don't preserve modules not used by any front-end interface",
                    "Don't leave commented-out code 'for future use'",
                    "",
                    "Wrong Examples (legacy code):",
                    "class Router:",
                    "    def determine_next_action_from_state(self, state_file):",
                    "        # ... implementation ...",
                    "(class exists but never imported or used)",
                    "",
                    "def legacy_helper_function():",
                    "    # Old implementation",
                    "    pass",
                    "(function defined but never called)",
                    "",
                    "# Old router implementation - kept for reference",
                    "class OldRouter:",
                    "    ...",
                    "(commented or unused code kept 'just in case')",
                    "",
                    "Legacy Code Indicators (REMOVE):",
                    "- Class/module not imported by any other file",
                    "- Function/method never called (except test-only code)",
                    "- Code not accessible via CLI, MCP, or web interface",
                    "- Duplicate functionality replaced by newer implementation",
                    "- Test code for removed/deleted functionality",
                    "- Commented-out code blocks",
                    "",
                    "Detection Strategy:",
                    "- Scan all Python files for class/function definitions",
                    "- Check if each class/function is imported or called",
                    "- Verify code is accessible via front-end interfaces",
                    "- Flag orphaned code for removal",
                    "",
                    "Action Required:",
                    "- Remove unused classes/modules immediately",
                    "- Delete functions that are never called",
                    "- Clean up test code for removed functionality",
                    "- Use git history to retrieve deleted code if needed later",
                    "- Document removal in commit messages"
                  ]
                }
              }
            ]
          },
          "scanner_status": {
            "status": "NO_SCANNER",
            "scanner_path": null
          }
        },
        {
          "rule_file": "eliminate_duplication.json",
          "rule_content": {
            "description": "CRITICAL: Every piece of knowledge should have a single, authoritative representation (DRY principle). Extract repeated logic into reusable functions and use abstraction to capture common patterns.",
            "examples": [
              {
                "do": {
                  "description": "Eliminate duplication through abstraction and reuse",
                  "content": [
                    "Extract repeated logic into reusable functions",
                    "Use abstraction to capture common patterns",
                    "Apply DRY principle to both code and data",
                    "Create shared utilities for common operations",
                    "",
                    "Correct Examples (no duplication):",
                    "- Extract validation: validateUser(user) used everywhere",
                    "- Extract formatting: formatCurrency(amount) used everywhere",
                    "- Extract patterns: createResource(type, data) handles all resources",
                    "",
                    "DRY Requirements:",
                    "- Each concept has single source of truth",
                    "- Repeated logic extracted into functions",
                    "- Common patterns abstracted appropriately",
                    "- Configuration/data centralized, not duplicated",
                    "- Tests verify behavior, not implementation details",
                    "",
                    "Test Duplication Patterns to Extract:",
                    "- Repeated test setup \u2192 create fixtures/factories",
                    "- Common test assertions \u2192 create verification helpers (verify_*)",
                    "- Test data creation \u2192 create builders or test_helpers",
                    "- Workflow verification \u2192 create state helpers",
                    "- Example: verify_action_tracks_start(action, expected_state)"
                  ]
                },
                "dont": {
                  "description": "Don't copy-paste code or maintain multiple versions of same logic",
                  "content": [
                    "Don't copy-paste code blocks",
                    "Don't maintain multiple versions of same logic",
                    "Don't ignore structural duplication",
                    "",
                    "Wrong Examples (duplication):",
                    "- Same validation logic copied to 5 different functions",
                    "- Similar but slightly different functions (updateUser, updateAccount, updateProfile)",
                    "- Repeated patterns (createUser, createOrder, createProduct with identical structure)",
                    "",
                    "Duplication Indicators (REFACTOR):",
                    "- Copy-pasted code blocks",
                    "- Similar functions with minor variations",
                    "- Repeated patterns across multiple places",
                    "- Same business rules in multiple locations",
                    "- Identical error handling in many functions",
                    "- Repeated test setup across test files",
                    "- Same assertion patterns in multiple tests",
                    "",
                    "Refactoring Strategies:",
                    "- Extract common logic into shared functions",
                    "- Use parameters to handle variations",
                    "- Create base classes or mixins for shared behavior",
                    "- Use composition over duplication",
                    "- Centralize configuration and business rules",
                    "- For tests: Create test_helpers.py with verification functions",
                    "- For tests: Use fixtures for repeated setup",
                    "- For tests: Extract test data builders"
                  ]
                }
              }
            ],
            "scanner": "agile_bot.bots.base_bot.src.scanners.duplication_scanner.DuplicationScanner"
          },
          "scanner_status": {
            "status": "EXECUTED",
            "scanner_path": "agile_bot.bots.base_bot.src.scanners.duplication_scanner.DuplicationScanner",
            "execution_status": "EXECUTION_SUCCESS",
            "violations_found": 0
          },
          "scanner_results": {
            "file_by_file": {
              "violations": []
            },
            "cross_file": {
              "violations": []
            }
          }
        },
        {
          "rule_file": "enforce_encapsulation.json",
          "rule_content": {
            "description": "CRITICAL: Hide implementation details and expose minimal interface. Make fields private by default, expose behavior not data. NEVER pass raw dicts/lists that expose internal structure - use typed objects that encapsulate the data. Follow Law of Demeter (principle of least knowledge).",
            "examples": [
              {
                "do": {
                  "description": "Hide implementation details behind clean interfaces",
                  "content": [
                    "Make fields private by default",
                    "Expose behavior through methods, not raw data",
                    "Follow Law of Demeter (principle of least knowledge)",
                    "Provide minimal public interface",
                    "",
                    "Correct Examples (proper encapsulation):",
                    "class Order {",
                    "  private items: Item[];",
                    "  ",
                    "  addItem(item: Item) { ... }         // behavior",
                    "  removeItem(itemId: string) { ... }  // behavior",
                    "  calculateTotal(): number { ... }    // behavior",
                    "}",
                    "",
                    "Encapsulation Requirements:",
                    "- Private fields, public methods",
                    "- Methods expose behavior, not data",
                    "- No direct access to internal state",
                    "- Law of Demeter: only talk to immediate friends",
                    "- object.doSomething() not object.getPart().getPart().doSomething()"
                  ]
                },
                "dont": {
                  "description": "Don't use getters/setters as glorified public fields",
                  "content": [
                    "Don't use getters/setters as glorified public fields",
                    "Don't return references to mutable internal state",
                    "Don't chain method calls through multiple objects",
                    "",
                    "Wrong Examples (poor encapsulation):",
                    "class Order {",
                    "  getItems() { return this.items; }  // exposing mutable state",
                    "  setItems(items) { this.items = items; } // public field disguised",
                    "}",
                    "- customer.getOrder().getItems().add(item) // Law of Demeter violation",
                    "",
                    "Poor Encapsulation Indicators (REFACTOR):",
                    "- Getters/setters for every field (just use public fields)",
                    "- Returning mutable collections/objects",
                    "- Method chaining through internal structure",
                    "- Clients manipulating object internals",
                    "",
                    "Refactoring to Better Encapsulation:",
                    "- Instead of getItems(), provide addItem(), removeItem()",
                    "- Instead of getTotal(), calculate internally when needed",
                    "- Instead of customer.getOrder().addItem(), use customer.addItemToOrder()",
                    "- Return defensive copies if must return collections",
                    "- Focus on BEHAVIOR not data access"
                  ]
                }
              }
            ],
            "scanner": "agile_bot.bots.base_bot.src.scanners.encapsulation_scanner.EncapsulationScanner"
          },
          "scanner_status": {
            "status": "EXECUTED",
            "scanner_path": "agile_bot.bots.base_bot.src.scanners.encapsulation_scanner.EncapsulationScanner",
            "execution_status": "EXECUTION_SUCCESS",
            "violations_found": 1
          },
          "scanner_results": {
            "file_by_file": {
              "violations": [
                {
                  "rule": "enforce_encapsulation",
                  "rule_file": "enforce_encapsulation.json",
                  "violation_message": "Method \"_run_via_wsl\" in class \"CursorHeadlessAPI\" has Law of Demeter violation (method chain depth 3) - encapsulate access to related objects",
                  "severity": "warning",
                  "line_number": 298,
                  "location": "C:\\dev\\augmented-teams\\agile_bot\\bots\\base_bot\\src\\repl_cli\\headless\\cursor_api.py"
                }
              ]
            },
            "cross_file": {
              "violations": []
            }
          }
        },
        {
          "rule_file": "favor_code_representation.json",
          "rule_content": {
            "description": "CRITICAL: Code should represent domain concepts directly. Domain models should match code. If code doesn't match domain concepts, refactor the code rather than creating abstract domain models.",
            "scanner": "agile_bot.bots.base_bot.src.scanners.code_representation_code_scanner.CodeRepresentationCodeScanner",
            "examples": [
              {
                "do": {
                  "description": "Code should represent domain concepts directly",
                  "content": [
                    "Code should match domain model",
                    "Classes should represent domain concepts",
                    "If code doesn't match domain, refactor the code",
                    "",
                    "Correct Examples (code-aligned with domain):",
                    "class PortfolioAnalysis:",
                    "    def __init__(self, portfolio: Portfolio):",
                    "        self.portfolio = portfolio",
                    "",
                    "    def analyze_portfolio(self) -> AnalysisReport:",
                    "        # Code matches domain model",
                    "        return AnalysisReport(self)",
                    "",
                    "class AnalysisReport:",
                    "    def __init__(self, analysis: PortfolioAnalysis):",
                    "        self.analysis = analysis",
                    "",
                    "    @property",
                    "    def recommendations(self) -> Recommendations:",
                    "        # Property matches domain model",
                    "        return self._generate_recommendations()"
                  ]
                },
                "dont": {
                  "description": "Don't create abstract code that doesn't match domain",
                  "content": [
                    "Don't create classes that don't represent domain concepts",
                    "Don't separate code from domain model",
                    "",
                    "Wrong Examples (abstract code):",
                    "class PortfolioAnalysis:",
                    "    # Domain model says 'Analyze portfolio' but code doesn't exist",
                    "    # This is abstract code, not representing actual domain",
                    "    pass",
                    "",
                    "Abstract Code Indicators (REFACTOR):",
                    "- Classes that don't exist in domain model",
                    "- Methods that are abstract concepts without domain representation",
                    "- Code that describes ideal state rather than actual domain"
                  ]
                }
              }
            ]
          },
          "scanner_status": {
            "status": "EXECUTED",
            "scanner_path": "agile_bot.bots.base_bot.src.scanners.code_representation_code_scanner.CodeRepresentationCodeScanner",
            "execution_status": "EXECUTION_SUCCESS",
            "violations_found": 0
          },
          "scanner_results": {
            "file_by_file": {
              "violations": []
            },
            "cross_file": {
              "violations": []
            }
          }
        },
        {
          "rule_file": "group_by_domain.json",
          "rule_content": {
            "description": "CRITICAL: Code must be organized by domain area and relationships, not by technical layers, object types, or architectural concerns.",
            "scanner": "agile_bot.bots.base_bot.src.scanners.domain_grouping_code_scanner.DomainGroupingCodeScanner",
            "examples": [
              {
                "do": {
                  "description": "Organize code by domain area",
                  "content": [
                    "Group related classes together by domain area",
                    "Keep domain concepts in same module regardless of technical layer",
                    "Use domain-based package/module structure",
                    "",
                    "Correct Examples (grouped by domain):",
                    "# wealth_management/",
                    "#   wealth_advisor.py",
                    "#   client.py",
                    "#   portfolio.py",
                    "",
                    "# investment_planning/",
                    "#   rebalance_action.py",
                    "#   rebalance_recommendation.py"
                  ]
                },
                "dont": {
                  "description": "Don't organize by technical layers or object types",
                  "content": [
                    "Don't group by technical layers (presentation, business, data)",
                    "Don't group by object types (DTOs, services, repositories)",
                    "Don't group by architectural concerns",
                    "",
                    "Wrong Examples (grouped by technical layers):",
                    "# presentation/",
                    "#   portfolio_report.py",
                    "",
                    "# business/",
                    "#   wealth_advisor.py",
                    "",
                    "# data/",
                    "#   portfolio_repository.py",
                    "",
                    "Technical Grouping Indicators (REFACTOR):",
                    "- Packages/modules named 'layer', 'tier', 'service', 'repository', 'dto'",
                    "- Grouping by technical concerns instead of domain relationships",
                    "- Separating domain concepts by architectural layers"
                  ]
                }
              }
            ]
          },
          "scanner_status": {
            "status": "EXECUTED",
            "scanner_path": "agile_bot.bots.base_bot.src.scanners.domain_grouping_code_scanner.DomainGroupingCodeScanner",
            "execution_status": "EXECUTION_SUCCESS",
            "violations_found": 0
          },
          "scanner_results": {
            "file_by_file": {
              "violations": []
            },
            "cross_file": {
              "violations": []
            }
          }
        },
        {
          "rule_file": "hide_business_logic_behind_properties.json",
          "rule_content": {
            "description": "CRITICAL: Hide business logic behind properties. Properties hide logic that occurs\u2014it may be computed on-demand, cached, pre-computed, or loaded from storage. The caller shouldn't know or care when the values are calculated / determined.",
            "scanner": "agile_bot.bots.base_bot.src.scanners.calculation_timing_code_scanner.CalculationTimingCodeScanner",
            "examples": [
              {
                "do": {
                  "description": "Hide business logic behind properties",
                  "content": [
                    "Use @property for computed values",
                    "Properties hide when calculations occur (on-demand, cached, pre-computed)",
                    "Callers shouldn't know when value was calculated",
                    "",
                    "Correct Examples (logic hidden):",
                    "class Portfolio:",
                    "    @property",
                    "    def total_value(self) -> Money:",
                    "        # Could be computed on-demand, cached, pre-computed, or loaded from DB",
                    "        # Caller doesn't know or care when it was calculated",
                    "        if not hasattr(self, '_total_value'):",
                    "            self._total_value = sum(",
                    "                position.market_value",
                    "                for position in self.holdings.get_many_positions()",
                    "            )",
                    "        return self._total_value",
                    "",
                    "    # OR it could be pre-computed and stored:",
                    "    # @property",
                    "    # def total_value(self) -> Money:",
                    "    #     return self._cached_total_value  # Calculated two weeks ago? Caller doesn't know"
                  ]
                },
                "dont": {
                  "description": "Don't expose business logic in method names",
                  "content": [
                    "Don't use method names like 'calculate_X', 'compute_X'",
                    "Don't use 'get_cached_X', 'get_precomputed_X'",
                    "Don't reveal when or how calculations happen",
                    "",
                    "Wrong Examples (logic exposed):",
                    "class Portfolio:",
                    "    def calculate_total_value(self, holdings: List[Position]) -> Money:",
                    "        # Name reveals it's calculated NOW",
                    "        return sum(position.market_value for position in holdings)",
                    "",
                    "    def get_cached_total_value(self) -> Money:",
                    "        # Name reveals it's cached (timing exposed)",
                    "        return self._cached_value",
                    "",
                    "Logic Exposure Indicators (REFACTOR):",
                    "- Methods starting with 'calculate', 'compute', 'derive'",
                    "- Methods mentioning 'cached', 'pre-computed', 'on-demand' in name",
                    "- Methods that reveal implementation timing"
                  ]
                }
              }
            ]
          },
          "scanner_status": {
            "status": "EXECUTED",
            "scanner_path": "agile_bot.bots.base_bot.src.scanners.calculation_timing_code_scanner.CalculationTimingCodeScanner",
            "execution_status": "EXECUTION_SUCCESS",
            "violations_found": 0
          },
          "scanner_results": {
            "file_by_file": {
              "violations": []
            },
            "cross_file": {
              "violations": []
            }
          }
        },
        {
          "rule_file": "hide_calculation_timing.json",
          "rule_content": {
            "description": "CRITICAL: Code must hide calculations. Properties hide logic that occurs\u2014it may be computed on-demand, cached, pre-computed, or loaded from storage. The caller shouldn't know or care when the values are calculated / determined.",
            "scanner": "agile_bot.bots.base_bot.src.scanners.calculation_timing_code_scanner.CalculationTimingCodeScanner",
            "examples": [
              {
                "do": {
                  "description": "Hide the inner workings of business logic and functions",
                  "content": [
                    "Expose only what the caller needs to know; hide internal business logic details",
                    "Keep interfaces simple and focused on business concepts, not implementation details",
                    "Callers should not know or care how results are produced, only that they are correct",
                    "",
                    "Correct Examples (logic hidden):",
                    "class OrderService:",
                    "    def approve(self, user: User) -> ApprovalResult:",
                    "        # Logic for validation, third-party checks, notifications are all hidden from caller",
                    "        # Caller only cares about result, not how it is produced",
                    "        ...",
                    "",
                    "class ShoppingCart:",
                    "    def total(self) -> Money:",
                    "        # Returns total cost; discounts, taxes, and special offers are handled internally",
                    "        ...",
                    "",
                    "# External API hides if value is loaded, fetched, calculated, etc.",
                    "order_service.status  # May involve complex rule checks or state machines, but all hidden"
                  ]
                },
                "dont": {
                  "description": "Don't reveal business logic, strategies, or implementation decisions in public methods",
                  "content": [
                    "Don't use method names or signatures that describe how results are produced (e.g., 'validate_and_apply_discounts()', 'fetch_and_cache_data()')",
                    "Don't leak the steps or strategies used within your public interface",
                    "Don't require the caller to understand internal processes or logic branches",
                    "",
                    "Wrong Examples (logic exposed):",
                    "class ShoppingCart:",
                    "    def calculate_total_with_discounts_and_tax(self) -> Money:",
                    "        # Caller is aware of and must think about how the value is arrived at",
                    "        ...",
                    "",
                    "class UserAccount:",
                    "    def fetch_and_merge_external_profiles(self):",
                    "        # Implementation strategy exposed to caller",
                    "        ...",
                    "",
                    "Logic Exposure Indicators (REFACTOR):",
                    "- Methods naming specific logic or strategies ('validate_and_x', 'process_then_y', 'with_cache')",
                    "- Interfaces that require caller to invoke internal workflow steps directly",
                    "- Public methods or attributes reflecting the order of internal operations"
                  ]
                }
              }
            ]
          },
          "scanner_status": {
            "status": "EXECUTED",
            "scanner_path": "agile_bot.bots.base_bot.src.scanners.calculation_timing_code_scanner.CalculationTimingCodeScanner",
            "execution_status": "EXECUTION_SUCCESS",
            "violations_found": 0
          },
          "scanner_results": {
            "file_by_file": {
              "violations": []
            },
            "cross_file": {
              "violations": []
            }
          }
        },
        {
          "rule_file": "keep_classes_small_with_single_responsibility.json",
          "rule_content": {
            "description": "CRITICAL: Classes should be small (under 200-300 lines) with a single responsibility. Keep classes cohesive (methods/data interdependent), eliminate dead code, and favor many small focused classes over few large ones.",
            "examples": [
              {
                "do": {
                  "description": "Keep classes small and focused on single responsibility",
                  "content": [
                    "Keep classes under 200-300 lines",
                    "Keep classes cohesive (methods use shared instance variables)",
                    "Each class has ONE reason to change",
                    "Eliminate dead/unused code",
                    "Favor many small classes over few large ones",
                    "",
                    "Correct Examples (small, focused classes):",
                    "- class OrderValidator { validate(order) {...} }",
                    "- class OrderRepository { save(order) {...} find(id) {...} }",
                    "- class OrderCalculator { calculateTotal(order) {...} }",
                    "",
                    "Small + Single Responsibility Benefits:",
                    "- Easier to understand and maintain",
                    "- Easier to test in isolation",
                    "- High cohesion: methods share instance variables",
                    "- Clear, focused class name",
                    "- One reason to change"
                  ]
                },
                "dont": {
                  "description": "Don't create large god objects with multiple responsibilities",
                  "content": [
                    "Don't create 'god objects' doing everything",
                    "Don't let classes grow beyond 200-300 lines",
                    "Don't mix unrelated responsibilities",
                    "Don't keep commented-out code",
                    "",
                    "Wrong Examples (too large or multiple responsibilities):",
                    "class OrderManager {",
                    "  validate() {...}        // validation responsibility",
                    "  calculateTotal() {...}  // calculation responsibility",
                    "  save() {...}           // persistence responsibility",
                    "  sendEmail() {...}      // notification responsibility",
                    "}",
                    "",
                    "Refactoring Indicators:",
                    "- Class exceeds 200-300 lines",
                    "- Class name with 'Manager', 'Handler', 'Util', 'Helper'",
                    "- Low cohesion: methods use different subsets of instance variables",
                    "- Class changes for multiple reasons",
                    "- Many methods (15+) doing unrelated things",
                    "",
                    "Refactoring Strategy:",
                    "- Extract each responsibility into separate class",
                    "- Prefer 5 classes of 100 lines over 1 class of 500 lines",
                    "- Use composition to combine small classes"
                  ]
                }
              }
            ],
            "scanner": "agile_bot.bots.base_bot.src.scanners.class_size_scanner.ClassSizeScanner"
          },
          "scanner_status": {
            "status": "EXECUTED",
            "scanner_path": "agile_bot.bots.base_bot.src.scanners.class_size_scanner.ClassSizeScanner",
            "execution_status": "EXECUTION_SUCCESS",
            "violations_found": 1
          },
          "scanner_results": {
            "file_by_file": {
              "violations": [
                {
                  "rule": "keep_classes_small_with_single_responsibility",
                  "rule_file": "keep_classes_small_with_single_responsibility.json",
                  "violation_message": "Class \"CursorHeadlessAPI\" is 433 lines - should be under 300 lines (extract related methods into separate classes)\n\n```python\n\n\nclass CursorHeadlessAPI:\n    \"\"\"Executes instructions via cursor-agent CLI command.\n    \n    Uses --print flag for non-interactive/headless execution.\n    On Windows, runs cursor-agent through WSL Ubuntu.\n    \"\"\"\n    \n    def __init__(self, api_key: str = None, model: str = None, timeout: int = 600, workspace_path: Optional[Path] = None, stream: bool = True):\n    # ... (truncated)\n```",
                  "severity": "warning",
                  "line_number": 30,
                  "location": "C:\\dev\\augmented-teams\\agile_bot\\bots\\base_bot\\src\\repl_cli\\headless\\cursor_api.py"
                }
              ]
            },
            "cross_file": {
              "violations": []
            }
          }
        },
        {
          "rule_file": "keep_functions_single_responsibility.json",
          "rule_content": {
            "description": "CRITICAL: Functions should do one thing and do it well, with no hidden side effects. Each function must have a single, well-defined responsibility.",
            "examples": [
              {
                "do": {
                  "description": "Keep functions focused on a single task",
                  "content": [
                    "Functions should do one thing and do it well",
                    "Extract multiple concerns into separate functions",
                    "Name functions to reveal their complete behavior",
                    "Make side effects explicit in function names",
                    "",
                    "Correct Examples (single responsibility):",
                    "- Function validates input \u2192 separate from function that processes it",
                    "- Function calculates result \u2192 separate from function that logs/saves it",
                    "- Function reads data \u2192 separate from function that transforms it",
                    "",
                    "Single Responsibility Requirements:",
                    "- Function performs ONE clear operation",
                    "- All code in function serves same purpose",
                    "- Function name clearly describes its complete behavior",
                    "- No hidden side effects (logging, I/O, mutations)"
                  ]
                },
                "dont": {
                  "description": "Don't mix business logic with side effects or multiple operations",
                  "content": [
                    "Don't mix business logic with side effects (logging, I/O, mutations)",
                    "Don't create functions that perform multiple unrelated operations",
                    "Don't hide side effects in function implementations",
                    "",
                    "Wrong Examples (multiple responsibilities):",
                    "- Function that validates AND saves data (split into validate() and save())",
                    "- Function that calculates AND logs result (split into calculate() and log())",
                    "- Function that reads AND transforms data (split into read() and transform())",
                    "",
                    "Multiple Responsibility Indicators (REFACTOR):",
                    "- Function has AND in its name (calculateAndSave, validateAndProcess)",
                    "- Function performs I/O while doing calculations",
                    "- Function modifies state while returning values",
                    "- Function mixes different abstraction levels",
                    "",
                    "Instead, ask:",
                    "- Does this function do ONE thing?",
                    "- Are there hidden side effects?",
                    "- Can I split this into smaller, focused functions?",
                    "- Does the function name reveal ALL its behavior?"
                  ]
                }
              }
            ],
            "scanner": "agile_bot.bots.base_bot.src.scanners.single_responsibility_scanner.SingleResponsibilityScanner"
          },
          "scanner_status": {
            "status": "EXECUTED",
            "scanner_path": "agile_bot.bots.base_bot.src.scanners.single_responsibility_scanner.SingleResponsibilityScanner",
            "execution_status": "EXECUTION_SUCCESS",
            "violations_found": 0
          },
          "scanner_results": {
            "file_by_file": {
              "violations": []
            },
            "cross_file": {
              "violations": []
            }
          }
        },
        {
          "rule_file": "keep_functions_small_focused.json",
          "rule_content": {
            "description": "Functions should be small enough to understand at a glance. Keep functions under 20 lines when possible and extract complex logic into named helper functions.",
            "examples": [
              {
                "do": {
                  "description": "Keep functions small and focused",
                  "content": [
                    "Keep functions under 20 lines when possible",
                    "Extract complex logic into named helper functions",
                    "Use descriptive names that eliminate need for comments",
                    "Make each function a single abstraction level",
                    "",
                    "Correct Examples (small and focused):",
                    "- Small function calls 3-4 well-named helper functions",
                    "- Complex calculation split into named steps",
                    "- Nested logic extracted to separate functions",
                    "",
                    "Small Function Benefits:",
                    "- Easy to understand at a glance",
                    "- Easy to test in isolation",
                    "- Easy to reuse in other contexts",
                    "- Easy to name clearly",
                    "- Reduces cognitive load"
                  ]
                },
                "dont": {
                  "description": "Don't create large, monolithic functions",
                  "content": [
                    "Don't create large, monolithic functions",
                    "Don't mix abstraction levels within a single function",
                    "Don't keep dead (unused) functions in the codebase",
                    "",
                    "Wrong Examples (too large):",
                    "- 100-line function doing multiple operations",
                    "- Function mixing high-level logic with low-level details",
                    "- Function with multiple nested loops and conditionals",
                    "",
                    "Large Function Indicators (REFACTOR):",
                    "- Function exceeds 20-30 lines",
                    "- Function has deeply nested blocks (3+ levels)",
                    "- Function mixes abstraction levels",
                    "- Function needs comments to explain sections",
                    "- Function is hard to name clearly",
                    "",
                    "Refactoring Strategy:",
                    "- Extract each logical section into named function",
                    "- Use guard clauses to reduce nesting",
                    "- Create helper functions for complex conditions",
                    "- Separate high-level orchestration from low-level details"
                  ]
                }
              }
            ],
            "scanner": "agile_bot.bots.base_bot.src.scanners.function_size_scanner.FunctionSizeScanner"
          },
          "scanner_status": {
            "status": "EXECUTED",
            "scanner_path": "agile_bot.bots.base_bot.src.scanners.function_size_scanner.FunctionSizeScanner",
            "execution_status": "EXECUTION_SUCCESS",
            "violations_found": 1
          },
          "scanner_results": {
            "file_by_file": {
              "violations": [
                {
                  "rule": "keep_functions_small_focused",
                  "rule_file": "keep_functions_small_focused.json",
                  "violation_message": "Function \"starts_session\" is 38 lines - should be under 20 lines (extract complex logic to helper functions)\n\n```python\n        return self._chat_id\n    \n    def starts_session(self, instructions: str) -> APIResponse:\n        \"\"\"Start a headless session by running cursor-agent with the instructions.\"\"\"\n        import uuid\n        self._session_id = str(uuid.uuid4())[:8]\n        \n        print(f\"[DEBUG] starts_session called, about to run cursor-agent\")\n        sys.stdout.flush()\n        \n        try:\n            result = self._run_cursor_agent(instructions, timeout=self.timeout)\n            \n            print(f\"[DEBUG] cursor-agent finished with returncode: {result.returncode}\")\n            sys.stdout.flush()\n            \n            if result.returncode != 0:\n                error_msg = result.stderr.strip() if result.stderr else result.stdout.strip() or 'Unknown error'\n                \n                # Check for common errors\n                if 'not found' in error_msg.lower() or 'not recognized' in error_msg.lower():\n                    raise NonRecoverableError(\n                        'cursor-agent not found. On Windows, install via WSL: '\n                        'wsl -d Ubuntu -e bash -c \"curl https://cursor.com/install -fsS | bash\"'\n                    )\n                if 'unauthorized' in error_msg.lower() or 'authentication' in error_msg.lower():\n                    raise NonRecoverableError(f'Authentication failed: {error_msg}')\n                if 'rate limit' in error_msg.lower():\n                    raise RecoverableError(f'Rate limited: {error_msg}')\n                    \n                raise RecoverableError(f'cursor-agent failed (exit {result.returncode}): {error_msg}')\n            \n            self._last_output = result.stdout\n            response = self._parse_cursor_output(result.stdout)\n            \n            print(f\"[DEBUG] _parse_cursor_output returned done={response.done}\")\n            sys.stdout.flush()\n            \n            # Extract chatId from response for session resumption\n            # cursor-agent should return chatId in the response\n            if response.session_id:\n                self._chat_id = response.session_id\n            \n            return response\n            \n        except FileNotFoundError as e:\n            raise NonRecoverableError(\n                f'cursor-agent command not found: {e}. '\n                'On Windows, install via WSL: wsl -d Ubuntu -e bash -c \"curl https://cursor.com/install -fsS | bash\"'\n            )\n    # ... (truncated)\n```",
                  "severity": "warning",
                  "line_number": 57,
                  "location": "C:\\dev\\augmented-teams\\agile_bot\\bots\\base_bot\\src\\repl_cli\\headless\\cursor_api.py"
                }
              ]
            },
            "cross_file": {
              "violations": []
            }
          }
        },
        {
          "rule_file": "maintain_vertical_density.json",
          "rule_content": {
            "description": "Related code should be visually close. Group related concepts together, declare variables close to usage, and keep files under 500 lines when possible.",
            "examples": [
              {
                "do": {
                  "description": "Keep related code close together",
                  "content": [
                    "Group related concepts together",
                    "Declare variables close to usage",
                    "Keep files under 500 lines when possible",
                    "Use vertical spacing to separate concepts",
                    "",
                    "Correct Examples (good vertical density):",
                    "function processOrder(order) {",
                    "  const items = order.items;           // declare near use",
                    "  const itemTotal = calculateTotal(items);",
                    "  ",
                    "  const discount = order.discount;     // declare near use",
                    "  const discountAmount = calculateDiscount(discount, itemTotal);",
                    "  ",
                    "  return itemTotal - discountAmount;",
                    "}",
                    "",
                    "Vertical Density Requirements:",
                    "- Related lines close together",
                    "- Variables declared near first use",
                    "- Blank lines separate different concepts",
                    "- Functions called near their definitions",
                    "- Caller above callee (newspaper metaphor)"
                  ]
                },
                "dont": {
                  "description": "Don't separate related code or declare variables far from usage",
                  "content": [
                    "Don't separate related code with blank lines",
                    "Don't put variables far from their usage",
                    "Don't create excessively long files",
                    "",
                    "Wrong Examples (poor vertical density):",
                    "function processOrder(order) {",
                    "  const items = order.items;",
                    "  const discount = order.discount;",
                    "  const shipping = order.shipping;",
                    "  const tax = order.tax;",
                    "  // 50 lines later...",
                    "  const itemTotal = calculateTotal(items);",
                    "}",
                    "",
                    "Poor Vertical Density Indicators (REFACTOR):",
                    "- Variables declared at top, used 100 lines later",
                    "- Blank lines between tightly related statements",
                    "- Files exceeding 500-1000 lines",
                    "- Related functions scattered throughout file",
                    "- Caller far below callee",
                    "",
                    "Refactoring Strategy:",
                    "- Move variable declarations near first use",
                    "- Remove unnecessary blank lines",
                    "- Split large files into smaller modules",
                    "- Place related functions adjacent",
                    "- Order functions: caller above callee"
                  ]
                }
              }
            ],
            "scanner": "agile_bot.bots.base_bot.src.scanners.vertical_density_scanner.VerticalDensityScanner"
          },
          "scanner_status": {
            "status": "EXECUTED",
            "scanner_path": "agile_bot.bots.base_bot.src.scanners.vertical_density_scanner.VerticalDensityScanner",
            "execution_status": "EXECUTION_SUCCESS",
            "violations_found": 3
          },
          "scanner_results": {
            "file_by_file": {
              "violations": [
                {
                  "rule": "maintain_vertical_density",
                  "rule_file": "maintain_vertical_density.json",
                  "violation_message": "Function \"_run_with_streaming\" is 63 lines - consider improving vertical density by declaring variables near usage\n\n```python\n            raise RecoverableError('cursor-agent timed out')\n    \n    def _run_with_streaming(self, cmd: List[str], timeout: int) -> subprocess.CompletedProcess:\n        \"\"\"Run command with real-time streaming output.\"\"\"\n        import time\n        \n        process = subprocess.Popen(\n            cmd,\n            stdout=subprocess.PIPE,\n            stderr=subprocess.PIPE,\n    # ... (truncated)\n```",
                  "severity": "info",
                  "line_number": 129,
                  "location": "C:\\dev\\augmented-teams\\agile_bot\\bots\\base_bot\\src\\repl_cli\\headless\\cursor_api.py"
                },
                {
                  "rule": "maintain_vertical_density",
                  "rule_file": "maintain_vertical_density.json",
                  "violation_message": "Function \"_print_cleaned_stream_line\" is 75 lines - consider improving vertical density by declaring variables near usage\n\n```python\n            raise e\n    \n    def _print_cleaned_stream_line(self, line: str):\n        \"\"\"Parse JSON stream line and print only meaningful content.\"\"\"\n        line = line.strip()\n        if not line:\n            return\n        \n        try:\n            data = json.loads(line)\n    # ... (truncated)\n```",
                  "severity": "info",
                  "line_number": 193,
                  "location": "C:\\dev\\augmented-teams\\agile_bot\\bots\\base_bot\\src\\repl_cli\\headless\\cursor_api.py"
                },
                {
                  "rule": "maintain_vertical_density",
                  "rule_file": "maintain_vertical_density.json",
                  "violation_message": "Function \"_run_via_wsl\" is 76 lines - consider improving vertical density by declaring variables near usage\n\n```python\n            return self._run_directly(prompt, timeout, resume_chat_id)\n    \n    def _run_via_wsl(self, prompt: str, timeout: int, resume_chat_id: Optional[str] = None) -> subprocess.CompletedProcess:\n        \"\"\"Run cursor-agent via WSL Ubuntu on Windows.\"\"\"\n        import tempfile\n        \n        # For very long prompts (> 4000 chars), write to temp file to avoid Windows command line length limits\n        temp_file_path = None\n        if len(prompt) > 4000:\n            # Create temp file\n    # ... (truncated)\n```",
                  "severity": "info",
                  "line_number": 285,
                  "location": "C:\\dev\\augmented-teams\\agile_bot\\bots\\base_bot\\src\\repl_cli\\headless\\cursor_api.py"
                }
              ]
            },
            "cross_file": {
              "violations": []
            }
          }
        },
        {
          "rule_file": "never_swallow_exceptions.json",
          "rule_content": {
            "description": "CRITICAL: Never swallow exceptions silently. Empty catch blocks hide failures and make debugging impossible. Always log, handle, or rethrow exceptions with context.",
            "examples": [
              {
                "do": {
                  "description": "Always handle exceptions properly - log, rethrow, or take corrective action",
                  "content": [
                    "Always handle exceptions - never ignore them",
                    "Log exceptions with full context before recovering",
                    "Rethrow exceptions if you can't handle them properly",
                    "Wrap and rethrow with additional context",
                    "Take corrective action if you can recover",
                    "",
                    "Correct Examples (proper exception handling):",
                    "- try { risky_operation() } except Exception as e: logger.error(f'Operation failed: {e}', exc_info=True); raise",
                    "- try { process() } catch (e) { console.error('Process failed:', e); throw e; }",
                    "- try { save() } catch (e) { logger.error('Save failed:', e); return fallback_value; }",
                    "- try { connect() } catch (ConnectionError as e) { logger.warning('Retry attempt', e); retry(); }",
                    "",
                    "Exception Handling Best Practices:",
                    "- ALWAYS log the exception with full stack trace",
                    "- Include context: what operation failed, relevant IDs/data",
                    "- Rethrow if you can't handle it properly",
                    "- Use finally blocks for cleanup (close files, connections)",
                    "- Document why you're catching and what recovery is",
                    "- Preserve original exception when wrapping",
                    "",
                    "When to catch and handle:",
                    "- You can take meaningful corrective action",
                    "- You need to clean up resources (use finally)",
                    "- You need to add context and rethrow",
                    "- You're at a boundary (API, UI) and need to translate",
                    "",
                    "When to let it propagate:",
                    "- You can't do anything useful with it",
                    "- You don't know how to handle it",
                    "- It should cause the operation to fail"
                  ]
                },
                "dont": {
                  "description": "NEVER swallow exceptions with empty catch blocks",
                  "content": [
                    "NEVER use empty catch/except blocks",
                    "NEVER catch and ignore without logging",
                    "NEVER catch Exception without specific reason",
                    "NEVER suppress errors to 'make it work'",
                    "",
                    "Wrong Examples (swallowing exceptions):",
                    "- try { risky_operation() } catch (e) { } // WRONG: Silent failure",
                    "- try { process() } except: pass // WRONG: Hiding errors",
                    "- try { save() } catch { return; } // WRONG: Ignoring failure",
                    "- try { connect() } catch (Exception e) { /* TODO: handle */ } // WRONG: Empty handler",
                    "- try { load() } except Exception: continue // WRONG: Silently skipping errors",
                    "",
                    "Swallowed Exception Indicators (CRITICAL FIX REQUIRED):",
                    "- Empty catch/except blocks: catch (e) { }",
                    "- Pass without logging: except: pass",
                    "- Comment without action: catch (e) { /* ignore */ }",
                    "- Generic catch-all without logging: except Exception:",
                    "- Return/continue without handling: catch { return; }",
                    "",
                    "Why This Is Critical:",
                    "- Hides bugs and makes debugging impossible",
                    "- Creates silent failures users don't know about",
                    "- Data corruption when errors are ignored",
                    "- System state becomes inconsistent",
                    "- Production issues with no error logs",
                    "- Violates fail-fast principle",
                    "",
                    "Instead:",
                    "- Log the exception with full context",
                    "- Rethrow if you can't handle it: raise or throw e",
                    "- Take corrective action if recovery is possible",
                    "- Use finally for cleanup, not catch for ignoring",
                    "- Document WHY you're catching and what you're doing",
                    "- If you must catch-all, log and rethrow",
                    "",
                    "Only acceptable pattern for 'ignore':",
                    "- try { optional_feature() } catch (e) { logger.info('Optional feature unavailable', e); // explicitly documented as optional }",
                    "- Even then: ALWAYS log why you're ignoring it"
                  ]
                }
              }
            ],
            "scanner": "agile_bot.bots.base_bot.src.scanners.swallowed_exceptions_scanner.SwallowedExceptionsScanner"
          },
          "scanner_status": {
            "status": "EXECUTED",
            "scanner_path": "agile_bot.bots.base_bot.src.scanners.swallowed_exceptions_scanner.SwallowedExceptionsScanner",
            "execution_status": "EXECUTION_SUCCESS",
            "violations_found": 1
          },
          "scanner_results": {
            "file_by_file": {
              "violations": [
                {
                  "rule": "never_swallow_exceptions",
                  "rule_file": "never_swallow_exceptions.json",
                  "violation_message": "Except block only contains pass at line 359 - exceptions must be logged or rethrown, never swallowed\n\n```python\n                try:\n                    os.unlink(temp_file_path)\n                except:\n                    pass\n    \n```",
                  "severity": "error",
                  "line_number": 359,
                  "location": "C:\\dev\\augmented-teams\\agile_bot\\bots\\base_bot\\src\\repl_cli\\headless\\cursor_api.py"
                }
              ]
            },
            "cross_file": {
              "violations": []
            }
          }
        },
        {
          "rule_file": "place_imports_at_top.json",
          "rule_content": {
            "description": "Place all import statements at the top of the file, after module docstrings and comments, but before any executable code. This improves readability and makes dependencies clear.",
            "examples": [
              {
                "do": {
                  "description": "Place all imports at the top of the file",
                  "content": [
                    "\"\"\"Module docstring.\"\"\"",
                    "import os",
                    "from pathlib import Path",
                    "from typing import Dict, List",
                    "",
                    "# Module-level comments can go here",
                    "CONSTANT = 'value'",
                    "",
                    "def function():",
                    "    pass"
                  ]
                },
                "dont": {
                  "description": "Don't place imports inline with code or inside functions",
                  "content": [
                    "\"\"\"Module docstring.\"\"\"",
                    "CONSTANT = 'value'",
                    "",
                    "def function():",
                    "    from pathlib import Path  # WRONG - import inside function",
                    "    import os  # WRONG - import inside function",
                    "    pass",
                    "",
                    "# WRONG - import after code",
                    "from typing import Dict"
                  ]
                }
              },
              {
                "do": {
                  "description": "Group imports: standard library, third-party, then local imports",
                  "content": [
                    "# Standard library imports",
                    "import os",
                    "import json",
                    "from pathlib import Path",
                    "",
                    "# Third-party imports",
                    "import pytest",
                    "",
                    "# Local application imports",
                    "from agile_bot.bots.base_bot.src.actions.action import Action"
                  ]
                },
                "dont": {
                  "description": "Don't mix import groups or place imports randomly",
                  "content": [
                    "import os",
                    "from agile_bot.bots.base_bot.src.actions.action import Action  # WRONG - local before stdlib",
                    "import json",
                    "import pytest  # WRONG - third-party mixed with stdlib"
                  ]
                }
              }
            ],
            "scanner": "agile_bot.bots.base_bot.src.scanners.import_placement_scanner.ImportPlacementScanner"
          },
          "scanner_status": {
            "status": "EXECUTED",
            "scanner_path": "agile_bot.bots.base_bot.src.scanners.import_placement_scanner.ImportPlacementScanner",
            "execution_status": "EXECUTION_SUCCESS",
            "violations_found": 0
          },
          "scanner_results": {
            "file_by_file": {
              "violations": []
            },
            "cross_file": {
              "violations": []
            }
          }
        },
        {
          "rule_file": "prefer_object_model_over_config.json",
          "rule_content": {
            "rule_name": "prefer_object_model_over_config",
            "description": "Use existing object model to access information instead of directly accessing configuration files",
            "severity": "error",
            "category": "architecture",
            "context": "when writing code",
            "scanner": "agile_bot.bots.base_bot.src.scanners.prefer_object_model_over_config_scanner.PreferObjectModelOverConfigScanner",
            "rationale": "Objects provide encapsulation and abstraction. Accessing configuration files directly bypasses the object model, creates tight coupling, and makes code harder to maintain and test.",
            "examples": {
              "bad": [
                {
                  "description": "Accessing config directly when object exists",
                  "code": "behavior = bot.behaviors.find_by_name(name)\nif behavior and hasattr(behavior, '_config'):\n    description = behavior._config.get('description')"
                },
                {
                  "description": "Reading config file when object property exists",
                  "code": "config_file = action_dir / 'action_config.json'\nconfig = read_json_file(config_file)\nname = config.get('name')"
                },
                {
                  "description": "Accessing private config attribute",
                  "code": "bot_config = bot._config.get('behaviors', [])"
                }
              ],
              "good": [
                {
                  "description": "Using object property",
                  "code": "behavior = bot.behaviors.find_by_name(name)\nif behavior:\n    description = behavior.description"
                },
                {
                  "description": "Using object method or property",
                  "code": "action = behavior.actions.find_by_name(action_name)\nif action:\n    name = action.name\n    description = action.description"
                },
                {
                  "description": "Iterating through object collections",
                  "code": "for behavior in bot.behaviors:\n    print(f'{behavior.name}: {behavior.description}')"
                }
              ]
            },
            "detection_patterns": [
              {
                "pattern": "\\._config\\[",
                "description": "Direct access to _config dictionary"
              },
              {
                "pattern": "\\._config\\.get\\(",
                "description": "Using .get() on _config attribute"
              },
              {
                "pattern": "hasattr\\([^,]+,\\s*['\"]_config['\"]\\)",
                "description": "Checking for _config attribute existence"
              },
              {
                "pattern": "read_json_file\\([^)]*config\\.json[^)]*\\)",
                "description": "Reading config.json files directly when objects may exist"
              }
            ],
            "exceptions": [
              "When initializing or constructing objects (e.g., in __init__ methods)",
              "When no object model exists for the configuration",
              "In configuration loading utilities or factories",
              "In migration or setup scripts",
              "When the object explicitly exposes config as part of its public API"
            ],
            "fix_guidance": "Replace direct config access with object properties or methods. If the property doesn't exist on the object, add it to the object's interface rather than accessing config directly."
          },
          "scanner_status": {
            "status": "EXECUTED",
            "scanner_path": "agile_bot.bots.base_bot.src.scanners.prefer_object_model_over_config_scanner.PreferObjectModelOverConfigScanner",
            "execution_status": "EXECUTION_SUCCESS",
            "violations_found": 0
          },
          "scanner_results": {
            "file_by_file": {
              "violations": []
            },
            "cross_file": {
              "violations": []
            }
          }
        },
        {
          "rule_file": "provide_meaningful_context.json",
          "rule_content": {
            "description": "Names should provide appropriate context without redundancy. Use longer names for longer scopes and replace magic numbers with named constants.",
            "examples": [
              {
                "do": {
                  "description": "Provide appropriate context in names",
                  "content": [
                    "Use longer names for longer scopes",
                    "Add contextual prefixes when clarifying relationships",
                    "Replace magic numbers with named constants",
                    "Group related constants in objects/enums",
                    "",
                    "Correct Examples (meaningful context):",
                    "- In large scope: userAccountEmailAddress",
                    "- In small scope: email (context is obvious)",
                    "- Named constant: MAX_RETRY_ATTEMPTS = 3 instead of 3",
                    "- Grouped: HttpStatus.OK, HttpStatus.NOT_FOUND",
                    "",
                    "Context Requirements:",
                    "- Scope size determines name length",
                    "- Constants explain magic numbers",
                    "- Related items grouped logically",
                    "- Context added when needed, not when obvious",
                    "- No gratuitous context (avoid redundancy)"
                  ]
                },
                "dont": {
                  "description": "Don't add gratuitous context or leave magic numbers unexplained",
                  "content": [
                    "Don't add gratuitous context that's obvious from structure",
                    "Don't use meaningless distinctions (data1, data2, dataInfo)",
                    "Don't leave magic numbers unexplained",
                    "",
                    "Wrong Examples (poor context):",
                    "- accountUserEmailAddress (redundant 'account' if already in Account class)",
                    "- data1, data2, dataInfo (meaningless distinctions)",
                    "- if (status === 200) (what is 200?)",
                    "- for (let i = 0; i < 86400; i++) (what is 86400?)",
                    "",
                    "Context Problems (REFACTOR):",
                    "- Redundant prefixes (AccountAccountNumber in Account class)",
                    "- Meaningless suffixes (Info, Data, Object, Thing)",
                    "- Numbered variables (user1, user2, user3)",
                    "- Magic numbers without names (3, 100, 86400)",
                    "- Magic strings without names ('active', 'pending')",
                    "",
                    "Instead use:",
                    "- Remove redundant context from class members",
                    "- Replace data1/data2 with meaningful names",
                    "- const HTTP_OK = 200; const HTTP_NOT_FOUND = 404;",
                    "- const SECONDS_PER_DAY = 86400;",
                    "- enum Status { ACTIVE = 'active', PENDING = 'pending' }"
                  ]
                }
              }
            ],
            "scanner": "agile_bot.bots.base_bot.src.scanners.meaningful_context_scanner.MeaningfulContextScanner"
          },
          "scanner_status": {
            "status": "EXECUTED",
            "scanner_path": "agile_bot.bots.base_bot.src.scanners.meaningful_context_scanner.MeaningfulContextScanner",
            "execution_status": "EXECUTION_SUCCESS",
            "violations_found": 0
          },
          "scanner_results": {
            "file_by_file": {
              "violations": []
            },
            "cross_file": {
              "violations": []
            }
          }
        },
        {
          "rule_file": "refactor_completely_not_partially.json",
          "rule_content": {
            "description": "CRITICAL: When refactoring, replace old code completely - don't try to support both legacy and new patterns. Write new code, delete old code, fix tests. Clean breaks are better than compatibility bridges that create technical debt.",
            "examples": [
              {
                "do": {
                  "description": "Replace old pattern completely with new pattern",
                  "content": [
                    "When refactoring, commit fully to the new approach",
                    "Delete old code completely, don't leave it around",
                    "Update all call sites to use new pattern",
                    "Fix all tests to work with new code",
                    "Clean break is better than supporting both ways",
                    "",
                    "Correct Refactoring Process:",
                    "1. Write new code with better pattern",
                    "2. Update all call sites to use new code",
                    "3. Delete old code completely",
                    "4. Update tests to match new implementation",
                    "5. Verify all tests pass",
                    "",
                    "Example: Refactoring to template method",
                    "STEP 1: Add template method execute_action()",
                    "STEP 2: Update ALL action methods to use template",
                    "STEP 3: Delete old duplicated code from each method",
                    "STEP 4: Update tests if needed",
                    "STEP 5: Verify all tests pass",
                    "",
                    "Benefits:",
                    "- Clean codebase with one clear pattern",
                    "- No confusion about which approach to use",
                    "- No technical debt from compatibility code",
                    "- Tests verify new pattern works",
                    "- Easy to understand for future developers"
                  ]
                },
                "dont": {
                  "description": "Don't try to support both old and new patterns simultaneously",
                  "content": [
                    "Don't create compatibility layers for old code",
                    "Don't support both old and new ways of doing things",
                    "Don't leave old code around 'just in case'",
                    "Don't add conditional logic to support legacy patterns",
                    "Don't incrementally migrate - do complete refactor",
                    "",
                    "Wrong Refactoring (supporting both):",
                    "```python",
                    "def execute_action(action_name, action_class=None, action_logic_fn=None):  # WRONG",
                    "    # Support both old way (logic function) and new way (action class)",
                    "    if action_logic_fn:  # Old way",
                    "        data = action_logic_fn(params)",
                    "    elif action_class:  # New way",
                    "        action = action_class(...)",
                    "        data = action.execute(params)",
                    "    # Now we have to maintain both paths!",
                    "```",
                    "",
                    "Wrong Refactoring (leaving old code):",
                    "```python",
                    "# Old way (deprecated, use execute_action instead)",
                    "def gather_context_old(self, params):",
                    "    # ... 20 lines of old code ...",
                    "",
                    "# New way",
                    "def gather_context(self, params):",
                    "    return self.execute_action('gather_context', GatherContextAction, params)",
                    "```",
                    "",
                    "Wrong Refactoring (partial migration):",
                    "```python",
                    "# Some actions use template",
                    "def gather_context(self, params):",
                    "    return self.execute_action('gather_context', GatherContextAction, params)",
                    "",
                    "# Some actions still use old pattern (inconsistent!)",
                    "def build_knowledge(self, params):",
                    "    if self.workflow.current_state != 'build_knowledge':",
                    "        self.workflow.machine.set_state('build_knowledge')",
                    "    self.workflow.save_state()",
                    "    # ... old duplicated code ...",
                    "```",
                    "",
                    "Problems with Supporting Both:",
                    "- Technical debt accumulates",
                    "- Two ways to do the same thing (confusion)",
                    "- More code to maintain and test",
                    "- Harder to reason about system behavior",
                    "- Future developers don't know which pattern to follow",
                    "- Tests may pass but codebase is messy",
                    "- Refactoring never completes",
                    "",
                    "Instead:",
                    "- Commit to new pattern completely",
                    "- Update all code at once",
                    "- Delete old code entirely",
                    "- Fix all tests to match new pattern",
                    "- Have one clear way to do things",
                    "",
                    "When to Use Compatibility Layer (RARE):",
                    "- External API with many consumers you don't control",
                    "- Deprecation period required by contract",
                    "- Major version transition with migration period",
                    "",
                    "For Internal Code (99% of cases):",
                    "- NO compatibility layer",
                    "- Clean break refactor",
                    "- Update all call sites",
                    "- Delete old code",
                    "- One clear pattern"
                  ]
                }
              }
            ],
            "scanner": "agile_bot.bots.base_bot.src.scanners.complete_refactoring_scanner.CompleteRefactoringScanner"
          },
          "scanner_status": {
            "status": "EXECUTED",
            "scanner_path": "agile_bot.bots.base_bot.src.scanners.complete_refactoring_scanner.CompleteRefactoringScanner",
            "execution_status": "EXECUTION_SUCCESS",
            "violations_found": 0
          },
          "scanner_results": {
            "file_by_file": {
              "violations": []
            },
            "cross_file": {
              "violations": []
            }
          }
        },
        {
          "rule_file": "refactor_tests_with_production_code.json",
          "rule_content": {
            "description": "CRITICAL: When refactoring production code, update tests immediately to maintain green builds. Tests should verify behavior, not implementation details, so they remain valid through refactoring.",
            "examples": [
              {
                "do": {
                  "description": "Update tests in parallel with production refactoring",
                  "content": [
                    "Update tests as you refactor production code",
                    "Keep builds green throughout refactoring",
                    "Use test helpers to abstract common test patterns",
                    "Consolidate duplicate test utilities",
                    "Update test imports when moving code",
                    "",
                    "Correct Examples (parallel refactoring):",
                    "- Create BaseAction \u2192 Update all action tests to use it",
                    "- Move methods between classes \u2192 Update test imports immediately",
                    "- Change folder structure \u2192 Update ALL import statements in tests",
                    "- Extract helper function \u2192 Update tests to use helper",
                    "- Create test_helpers.py \u2192 Consolidate duplicate test code",
                    "",
                    "Test Refactoring Requirements:",
                    "- Tests pass after each production change",
                    "- Test helpers eliminate test code duplication",
                    "- Tests verify behavior, not implementation",
                    "- Test names remain clear and descriptive",
                    "- Tests run fast (no slow integration tests unless needed)"
                  ]
                },
                "dont": {
                  "description": "Don't let tests break during refactoring or depend on implementation details",
                  "content": [
                    "Don't refactor production without updating tests",
                    "Don't leave broken tests 'to fix later'",
                    "Don't make tests depend on implementation details",
                    "Don't duplicate test setup/verification code",
                    "",
                    "Wrong Examples (broken during refactoring):",
                    "- Refactor production \u2192 20 tests fail \u2192 'will fix later'",
                    "- Create BaseAction \u2192 Tests still expect old class structure",
                    "- Move file \u2192 Tests can't import it \u2192 Build broken",
                    "- Change method signature \u2192 Tests still use old signature",
                    "",
                    "Test Breakage Indicators (FIX IMMEDIATELY):",
                    "- Tests failing after production refactoring",
                    "- Import errors in test files",
                    "- Tests checking implementation details (private methods)",
                    "- Duplicate test setup code across files",
                    "- Tests that break when refactoring internal structure",
                    "",
                    "Refactoring Strategy:",
                    "- Refactor in small steps, keeping tests green",
                    "- Update test imports immediately after moving code",
                    "- Extract test helpers before duplicating test code",
                    "- Use verify_* helpers instead of inline assertions",
                    "- Run tests after each change (TDD red-green-refactor)"
                  ]
                }
              }
            ]
          },
          "scanner_status": {
            "status": "NO_SCANNER",
            "scanner_path": null
          }
        },
        {
          "rule_file": "simplify_control_flow.json",
          "rule_content": {
            "description": "Keep nesting minimal and control flow straightforward. Use guard clauses to reduce nesting and extract nested blocks into separate functions.",
            "examples": [
              {
                "do": {
                  "description": "Keep control flow simple and readable",
                  "content": [
                    "Use guard clauses to reduce nesting",
                    "Extract nested blocks into separate functions",
                    "Prefer early returns for edge cases",
                    "Keep nesting to 2-3 levels maximum",
                    "",
                    "Correct Examples (simple control flow):",
                    "- if (!valid) return; // guard clause",
                    "- if (error) throw error; // early return",
                    "- Use polymorphism instead of complex switch statements",
                    "",
                    "Guard Clause Pattern:",
                    "function process(data) {",
                    "  if (!data) return null; // guard",
                    "  if (data.isEmpty()) return []; // guard",
                    "  // main logic here (not nested)",
                    "}"
                  ]
                },
                "dont": {
                  "description": "Don't create deeply nested control structures",
                  "content": [
                    "Don't nest conditionals more than 2-3 levels deep",
                    "Don't use complex switch statements outside factory methods",
                    "Don't mix multiple control flow patterns in one function",
                    "",
                    "Wrong Examples (complex control flow):",
                    "- 5 levels of nested if/else statements",
                    "- Switch statement with business logic in each case",
                    "- Mixed for loops with nested if/else/switch",
                    "",
                    "Complex Control Flow Indicators (REFACTOR):",
                    "- Nesting exceeds 3 levels deep",
                    "- Arrow-shaped code (increasing indentation)",
                    "- Multiple exit points deep in nested blocks",
                    "- Switch statements with complex logic per case",
                    "",
                    "Refactoring Strategies:",
                    "- Use guard clauses at function start",
                    "- Extract nested blocks into functions",
                    "- Replace switch with polymorphism or lookup tables",
                    "- Use early returns to flatten structure",
                    "- Consider strategy pattern for complex branching"
                  ]
                }
              }
            ],
            "scanner": "agile_bot.bots.base_bot.src.scanners.simplify_control_flow_scanner.SimplifyControlFlowScanner"
          },
          "scanner_status": {
            "status": "EXECUTED",
            "scanner_path": "agile_bot.bots.base_bot.src.scanners.simplify_control_flow_scanner.SimplifyControlFlowScanner",
            "execution_status": "EXECUTION_SUCCESS",
            "violations_found": 2
          },
          "scanner_results": {
            "file_by_file": {
              "violations": [
                {
                  "rule": "simplify_control_flow",
                  "rule_file": "simplify_control_flow.json",
                  "violation_message": "Function \"_run_with_streaming\" has nesting depth of 5 - use guard clauses and extract nested blocks to reduce nesting\n\n```python\n            raise RecoverableError('cursor-agent timed out')\n    \n    def _run_with_streaming(self, cmd: List[str], timeout: int) -> subprocess.CompletedProcess:\n        \"\"\"Run command with real-time streaming output.\"\"\"\n        import time\n        \n        process = subprocess.Popen(\n            cmd,\n            stdout=subprocess.PIPE,\n            stderr=subprocess.PIPE,\n            text=True,\n            encoding='utf-8',\n            errors='replace',  # Replace invalid characters instead of crashing\n            bufsize=1  # Line buffered\n        )\n    # ... (truncated)\n```",
                  "severity": "warning",
                  "line_number": 129,
                  "location": "C:\\dev\\augmented-teams\\agile_bot\\bots\\base_bot\\src\\repl_cli\\headless\\cursor_api.py"
                },
                {
                  "rule": "simplify_control_flow",
                  "rule_file": "simplify_control_flow.json",
                  "violation_message": "Function \"_print_cleaned_stream_line\" has nesting depth of 9 - use guard clauses and extract nested blocks to reduce nesting\n\n```python\n            raise e\n    \n    def _print_cleaned_stream_line(self, line: str):\n        \"\"\"Parse JSON stream line and print only meaningful content.\"\"\"\n        line = line.strip()\n        if not line:\n            return\n        \n        try:\n            data = json.loads(line)\n            msg_type = data.get('type', '')\n            \n            # Skip system init and thinking deltas\n            if msg_type in ('system', 'user'):\n                return\n    # ... (truncated)\n```",
                  "severity": "warning",
                  "line_number": 193,
                  "location": "C:\\dev\\augmented-teams\\agile_bot\\bots\\base_bot\\src\\repl_cli\\headless\\cursor_api.py"
                }
              ]
            },
            "cross_file": {
              "violations": []
            }
          }
        },
        {
          "rule_file": "stop_writing_useless_comments.json",
          "rule_content": {
            "description": "CRITICAL: DO NOT WRITE COMMENTS. Delete all comments written by the AI chat. Code must be self-explanatory through clear naming and structure. ONLY exception: legal/license requirements. If you think a comment is needed, the code is wrong - fix the code instead.",
            "scanner": "agile_bot.bots.base_bot.src.actions.scanners.useless_comments_scanner.UselessCommentsScanner",
            "examples": [
              {
                "do": {
                  "description": "DELETE ALL AI-WRITTEN COMMENTS. Write NO comments.",
                  "content": [
                    "DEFAULT: WRITE NO COMMENTS",
                    "AI must DELETE all comments it writes",
                    "ONLY exception: Legal/license requirements (copyright notices)",
                    "",
                    "ONLY Acceptable Comment:",
                    "# Copyright (c) 2024 Company Name. Licensed under MIT.",
                    "",
                    "Everything else: NO COMMENTS",
                    "- No docstrings",
                    "- No inline comments",
                    "- No explanations",
                    "- No algorithm descriptions",
                    "- No business rule comments",
                    "- No warnings",
                    "- No test scenario comments",
                    "",
                    "If code needs explanation:",
                    "1. Rename variables/functions to be clearer",
                    "2. Extract complex logic into well-named functions",
                    "3. Simplify the code structure",
                    "4. STILL write no comments",
                    "",
                    "AI Rule: DELETE EVERY COMMENT YOU WRITE"
                  ]
                },
                "dont": {
                  "description": "DELETE ALL COMMENTS - AI must not write any comments",
                  "content": [
                    "DELETE IMMEDIATELY - AI must not write:",
                    "- ANY docstrings",
                    "- ANY inline comments",
                    "- ANY explanations",
                    "- ANY descriptions",
                    "- ANY annotations (except type hints)",
                    "",
                    "Examples of what AI must DELETE:",
                    "",
                    "BAD (DELETE THIS):",
                    "def execute_action(action_name, action_class, parameters):",
                    "    pass",
                    "",
                    "GOOD (NO COMMENT):",
                    "def execute_action(action_name, action_class, parameters):",
                    "    pass",
                    "",
                    "BAD (DELETE THIS):",
                    "# Load state from file",
                    "def load_state(self):",
                    "    pass",
                    "",
                    "GOOD (NO COMMENT):",
                    "def load_state(self):",
                    "    pass",
                    "",
                    "BAD (DELETE THIS):",
                    "class RulesAction(Action):",
                    "    pass",
                    "",
                    "GOOD (NO COMMENT):",
                    "class RulesAction(Action):",
                    "    pass",
                    "",
                    "ABSOLUTE RULE FOR AI:",
                    "- Write ZERO comments",
                    "- Delete ALL comments you write",
                    "- Make code self-explanatory through naming",
                    "- If code seems complex, refactor it - don't comment it",
                    "",
                    "NO EXCEPTIONS (except copyright/license)"
                  ]
                }
              }
            ]
          },
          "scanner_status": {
            "status": "EXECUTED",
            "scanner_path": "agile_bot.bots.base_bot.src.actions.scanners.useless_comments_scanner.UselessCommentsScanner",
            "execution_status": "EXECUTION_SUCCESS",
            "violations_found": 14
          },
          "scanner_results": {
            "file_by_file": {
              "violations": [
                {
                  "rule": "stop_writing_useless_comments",
                  "rule_file": "stop_writing_useless_comments.json",
                  "violation_message": "Useless docstring that repeats function/class name - delete it or explain WHY, not WHAT\n\n```python\n\nclass CursorHeadlessAPI:\n    \"\"\"Executes instructions via cursor-agent CLI command.\n    \n    Uses --print flag for non-interactive/headless execution.\n    On Windows, runs cursor-agent through WSL Ubuntu.\n    \"\"\"\n    \n```",
                  "severity": "error",
                  "line_number": 31,
                  "location": "C:\\dev\\augmented-teams\\agile_bot\\bots\\base_bot\\src\\repl_cli\\headless\\cursor_api.py"
                },
                {
                  "rule": "stop_writing_useless_comments",
                  "rule_file": "stop_writing_useless_comments.json",
                  "violation_message": "Useless docstring that repeats function/class name - delete it or explain WHY, not WHAT\n\n```python\n    @property\n    def chat_id(self) -> Optional[str]:\n        \"\"\"Return the cursor-agent chatId for session resumption.\"\"\"\n        return self._chat_id\n```",
                  "severity": "error",
                  "line_number": 54,
                  "location": "C:\\dev\\augmented-teams\\agile_bot\\bots\\base_bot\\src\\repl_cli\\headless\\cursor_api.py"
                },
                {
                  "rule": "stop_writing_useless_comments",
                  "rule_file": "stop_writing_useless_comments.json",
                  "violation_message": "Useless docstring that repeats function/class name - delete it or explain WHY, not WHAT\n\n```python\n    \n    def starts_session(self, instructions: str) -> APIResponse:\n        \"\"\"Start a headless session by running cursor-agent with the instructions.\"\"\"\n        import uuid\n```",
                  "severity": "error",
                  "line_number": 58,
                  "location": "C:\\dev\\augmented-teams\\agile_bot\\bots\\base_bot\\src\\repl_cli\\headless\\cursor_api.py"
                },
                {
                  "rule": "stop_writing_useless_comments",
                  "rule_file": "stop_writing_useless_comments.json",
                  "violation_message": "Useless docstring that repeats function/class name - delete it or explain WHY, not WHAT\n\n```python\n    \n    def resumes_session(self, prompt: str) -> APIResponse:\n        \"\"\"Resume an existing session with a new prompt.\n        \n        Requires a previous session to have been started with starts_session().\n        \"\"\"\n        if not self._chat_id:\n```",
                  "severity": "error",
                  "line_number": 109,
                  "location": "C:\\dev\\augmented-teams\\agile_bot\\bots\\base_bot\\src\\repl_cli\\headless\\cursor_api.py"
                },
                {
                  "rule": "stop_writing_useless_comments",
                  "rule_file": "stop_writing_useless_comments.json",
                  "violation_message": "Useless docstring that repeats function/class name - delete it or explain WHY, not WHAT\n\n```python\n    \n    def _run_with_streaming(self, cmd: List[str], timeout: int) -> subprocess.CompletedProcess:\n        \"\"\"Run command with real-time streaming output.\"\"\"\n        import time\n```",
                  "severity": "error",
                  "line_number": 130,
                  "location": "C:\\dev\\augmented-teams\\agile_bot\\bots\\base_bot\\src\\repl_cli\\headless\\cursor_api.py"
                },
                {
                  "rule": "stop_writing_useless_comments",
                  "rule_file": "stop_writing_useless_comments.json",
                  "violation_message": "Useless docstring that repeats function/class name - delete it or explain WHY, not WHAT\n\n```python\n    \n    def _print_cleaned_stream_line(self, line: str):\n        \"\"\"Parse JSON stream line and print only meaningful content.\"\"\"\n        line = line.strip()\n```",
                  "severity": "error",
                  "line_number": 194,
                  "location": "C:\\dev\\augmented-teams\\agile_bot\\bots\\base_bot\\src\\repl_cli\\headless\\cursor_api.py"
                },
                {
                  "rule": "stop_writing_useless_comments",
                  "rule_file": "stop_writing_useless_comments.json",
                  "violation_message": "Useless docstring that repeats function/class name - delete it or explain WHY, not WHAT\n\n```python\n    \n    def _run_cursor_agent(self, prompt: str, timeout: int, resume_chat_id: Optional[str] = None) -> subprocess.CompletedProcess:\n        \"\"\"Run cursor-agent CLI command.\n        \n        On Windows, runs through WSL Ubuntu.\n        Uses --print --output-format json for headless execution.\n        \n        Args:\n            prompt: The prompt/message to send\n            timeout: Execution timeout in seconds\n            resume_chat_id: Optional chatId to resume an existing session\n        \"\"\"\n        if self._is_windows:\n```",
                  "severity": "error",
                  "line_number": 270,
                  "location": "C:\\dev\\augmented-teams\\agile_bot\\bots\\base_bot\\src\\repl_cli\\headless\\cursor_api.py"
                },
                {
                  "rule": "stop_writing_useless_comments",
                  "rule_file": "stop_writing_useless_comments.json",
                  "violation_message": "Useless docstring that repeats function/class name - delete it or explain WHY, not WHAT\n\n```python\n    \n    def _run_via_wsl(self, prompt: str, timeout: int, resume_chat_id: Optional[str] = None) -> subprocess.CompletedProcess:\n        \"\"\"Run cursor-agent via WSL Ubuntu on Windows.\"\"\"\n        import tempfile\n```",
                  "severity": "error",
                  "line_number": 286,
                  "location": "C:\\dev\\augmented-teams\\agile_bot\\bots\\base_bot\\src\\repl_cli\\headless\\cursor_api.py"
                },
                {
                  "rule": "stop_writing_useless_comments",
                  "rule_file": "stop_writing_useless_comments.json",
                  "violation_message": "Useless docstring that repeats function/class name - delete it or explain WHY, not WHAT\n\n```python\n    \n    def _run_directly(self, prompt: str, timeout: int, resume_chat_id: Optional[str] = None) -> subprocess.CompletedProcess:\n        \"\"\"Run cursor-agent directly on Linux/Mac.\"\"\"\n        if self.stream:\n```",
                  "severity": "error",
                  "line_number": 363,
                  "location": "C:\\dev\\augmented-teams\\agile_bot\\bots\\base_bot\\src\\repl_cli\\headless\\cursor_api.py"
                },
                {
                  "rule": "stop_writing_useless_comments",
                  "rule_file": "stop_writing_useless_comments.json",
                  "violation_message": "Useless docstring that repeats function/class name - delete it or explain WHY, not WHAT\n\n```python\n    \n    def sends_instruction(self, instruction: str) -> APIResponse:\n        \"\"\"Send additional instruction (runs new cursor-agent call).\"\"\"\n        if not self._session_id:\n```",
                  "severity": "error",
                  "line_number": 399,
                  "location": "C:\\dev\\augmented-teams\\agile_bot\\bots\\base_bot\\src\\repl_cli\\headless\\cursor_api.py"
                },
                {
                  "rule": "stop_writing_useless_comments",
                  "rule_file": "stop_writing_useless_comments.json",
                  "violation_message": "Useless docstring that repeats function/class name - delete it or explain WHY, not WHAT\n\n```python\n    \n    def polls_session_status(self) -> APIResponse:\n        \"\"\"Poll session status - for cursor-agent, it's synchronous so always done.\"\"\"\n        if not self._session_id:\n```",
                  "severity": "error",
                  "line_number": 417,
                  "location": "C:\\dev\\augmented-teams\\agile_bot\\bots\\base_bot\\src\\repl_cli\\headless\\cursor_api.py"
                },
                {
                  "rule": "stop_writing_useless_comments",
                  "rule_file": "stop_writing_useless_comments.json",
                  "violation_message": "Useless docstring that repeats function/class name - delete it or explain WHY, not WHAT\n\n```python\n    \n    def terminates_session(self) -> None:\n        \"\"\"Terminate session (cleanup).\"\"\"\n        self._session_id = None\n```",
                  "severity": "error",
                  "line_number": 434,
                  "location": "C:\\dev\\augmented-teams\\agile_bot\\bots\\base_bot\\src\\repl_cli\\headless\\cursor_api.py"
                },
                {
                  "rule": "stop_writing_useless_comments",
                  "rule_file": "stop_writing_useless_comments.json",
                  "violation_message": "Useless docstring that repeats function/class name - delete it or explain WHY, not WHAT\n\n```python\n    \n    def _parse_cursor_output(self, output: str) -> APIResponse:\n        \"\"\"Parse cursor-agent output.\n        \n        Since cursor-agent is synchronous and we use --output-format stream-json,\n        by the time this is called the process has completed. Just return done=True.\n        \"\"\"\n        if not output or not output.strip():\n```",
                  "severity": "error",
                  "line_number": 439,
                  "location": "C:\\dev\\augmented-teams\\agile_bot\\bots\\base_bot\\src\\repl_cli\\headless\\cursor_api.py"
                },
                {
                  "rule": "stop_writing_useless_comments",
                  "rule_file": "stop_writing_useless_comments.json",
                  "violation_message": "Useless comment: \"# Create CompletedProcess object\" - delete it or improve the code instead\n\n```python\n                stderr_lines.append(stderr_output)\n            \n            # Create CompletedProcess object\n            return subprocess.CompletedProcess(\n```",
                  "severity": "error",
                  "line_number": 181,
                  "location": "C:\\dev\\augmented-teams\\agile_bot\\bots\\base_bot\\src\\repl_cli\\headless\\cursor_api.py"
                }
              ]
            },
            "cross_file": {
              "violations": []
            }
          }
        },
        {
          "rule_file": "use_clear_function_parameters.json",
          "rule_content": {
            "description": "CRITICAL: Function signatures must be simple and intention-revealing. Prefer 0-2 parameters. NEVER pass Dict[str, Any] or List[str] for complex data - create typed objects instead. Examples: parameters dict \u2192 ParametersObject, files dict \u2192 FilesCollection, exclude list \u2192 ExcludePatterns.",
            "examples": [
              {
                "do": {
                  "description": "Keep function parameters simple and clear",
                  "content": [
                    "Prefer 0-2 parameters; use objects for more complex needs",
                    "Use descriptive parameter names",
                    "Make function names encode parameter meaning",
                    "Group related parameters into objects",
                    "",
                    "Correct Examples (clear parameters):",
                    "- calculateTotal(items) instead of calculateTotal(item1, item2, item3)",
                    "- createUser({name, email, role}) instead of createUser(name, email, role, active, verified)",
                    "- sendEmail(message) where message contains all email data",
                    "",
                    "Parameter Best Practices:",
                    "- 0 parameters: Ideal (pure function or uses instance state)",
                    "- 1 parameter: Very good (single input, single output)",
                    "- 2 parameters: Acceptable (clear relationship)",
                    "- 3+ parameters: Use parameter object",
                    "- Return values instead of output parameters"
                  ]
                },
                "dont": {
                  "description": "Don't use boolean flags or excessive parameters",
                  "content": [
                    "Don't use boolean flags as parameters (create two functions instead)",
                    "Don't exceed 3 parameters without using a parameter object",
                    "Don't use output parameters (return values instead)",
                    "",
                    "Wrong Examples (poor parameters):",
                    "- process(data, true, false) \u2192 unclear what booleans mean",
                    "- createUser(name, email, role, active, verified, age, phone) \u2192 too many params",
                    "- calculate(input, result) where result is modified \u2192 use return value",
                    "",
                    "Parameter Problems (REFACTOR):",
                    "- Boolean flags indicating different behaviors \u2192 split into two functions",
                    "- More than 3 parameters \u2192 create parameter object",
                    "- Output parameters \u2192 return values or use immutable approach",
                    "- Unclear parameter order \u2192 use named parameters/object",
                    "",
                    "Instead of:",
                    "- process(data, true) \u2192 processAndValidate(data) and process(data)",
                    "- create(a, b, c, d, e) \u2192 create({a, b, c, d, e})",
                    "- modify(input, output) \u2192 return modifiedValue(input)"
                  ]
                }
              }
            ],
            "scanner": "agile_bot.bots.base_bot.src.scanners.clear_parameters_scanner.ClearParametersScanner"
          },
          "scanner_status": {
            "status": "EXECUTED",
            "scanner_path": "agile_bot.bots.base_bot.src.scanners.clear_parameters_scanner.ClearParametersScanner",
            "execution_status": "EXECUTION_SUCCESS",
            "violations_found": 0
          },
          "scanner_results": {
            "file_by_file": {
              "violations": []
            },
            "cross_file": {
              "violations": []
            }
          }
        },
        {
          "rule_file": "use_consistent_indentation.json",
          "rule_content": {
            "description": "Use consistent, meaningful indentation. Use 2-4 spaces consistently (or tabs if team prefers), indent to show code structure, and keep lines under 80-120 characters.",
            "examples": [
              {
                "do": {
                  "description": "Use consistent indentation to show structure",
                  "content": [
                    "Use 2-4 spaces consistently (or tabs if team prefers)",
                    "Indent to show code structure",
                    "Keep lines under 80-120 characters",
                    "Let automated formatter handle indentation",
                    "",
                    "Correct Examples (consistent indentation):",
                    "function processOrder(order) {",
                    "  if (order.isValid()) {",
                    "    const total = calculateTotal(order);",
                    "    return total;",
                    "  }",
                    "  return 0;",
                    "}",
                    "",
                    "Indentation Requirements:",
                    "- Consistent spaces/tabs throughout project",
                    "- Indentation shows nesting level",
                    "- Lines not too long (80-120 chars)",
                    "- Automated formatter enforces consistency",
                    "- Code structure visually clear"
                  ]
                },
                "dont": {
                  "description": "Don't mix tabs and spaces or create extremely long lines",
                  "content": [
                    "Don't mix tabs and spaces",
                    "Don't use inconsistent indentation",
                    "Don't create extremely long lines",
                    "",
                    "Wrong Examples (inconsistent indentation):",
                    "function processOrder(order) {",
                    "  if (order.isValid()) {    // 2 spaces",
                    "      const total = calculateTotal(order);  // 4 spaces",
                    "\treturn total;  // tab",
                    "  }",
                    "}",
                    "",
                    "const result = someFunction(param1, param2, param3, param4, param5, param6, param7, param8, param9, param10); // too long!",
                    "",
                    "Indentation Problems (FIX):",
                    "- Mixing tabs and spaces",
                    "- Inconsistent indentation levels",
                    "- Lines exceeding 120+ characters",
                    "- Unclear code structure",
                    "",
                    "Solution:",
                    "- Configure automated formatter",
                    "- Set editor to use spaces (not tabs) or consistent tabs",
                    "- Enable line length warnings",
                    "- Break long lines into multiple lines:",
                    "",
                    "const result = someFunction(",
                    "  param1, param2, param3,",
                    "  param4, param5, param6",
                    ");"
                  ]
                }
              }
            ],
            "scanner": "agile_bot.bots.base_bot.src.scanners.consistent_indentation_scanner.ConsistentIndentationScanner"
          },
          "scanner_status": {
            "status": "EXECUTED",
            "scanner_path": "agile_bot.bots.base_bot.src.scanners.consistent_indentation_scanner.ConsistentIndentationScanner",
            "execution_status": "EXECUTION_SUCCESS",
            "violations_found": 0
          },
          "scanner_results": {
            "file_by_file": {
              "violations": []
            },
            "cross_file": {
              "violations": []
            }
          }
        },
        {
          "rule_file": "use_consistent_naming.json",
          "rule_content": {
            "description": "Use one word per concept across the entire codebase. Pick consistent terms (get/fetch/retrieve \u2192 choose one) and follow domain language for business concepts.",
            "examples": [
              {
                "do": {
                  "description": "Maintain consistent naming patterns across codebase",
                  "content": [
                    "Pick one term per concept (get/fetch/retrieve \u2192 choose one)",
                    "Use consistent naming patterns for similar operations",
                    "Follow domain language for business concepts",
                    "Establish team conventions and stick to them",
                    "",
                    "Correct Examples (consistent naming):",
                    "- Always use 'get' for retrieval: getUser, getOrder, getProduct",
                    "- Always use 'create' for new entities: createUser, createOrder",
                    "- Domain terms consistent: Customer (not Client in some places, Customer in others)",
                    "",
                    "Consistency Requirements:",
                    "- One word per concept throughout codebase",
                    "- Same operation = same verb (get, fetch, retrieve \u2192 pick one)",
                    "- Same concept = same noun (user, account, member \u2192 pick one)",
                    "- Follow established conventions in existing code",
                    "- Use domain language consistently"
                  ]
                },
                "dont": {
                  "description": "Don't mix synonyms or use different names for same abstraction",
                  "content": [
                    "Don't mix synonyms for the same concept",
                    "Don't use different names for same abstraction",
                    "Don't encode type information in names (Hungarian notation)",
                    "",
                    "Wrong Examples (inconsistent naming):",
                    "- Mixing: getAccount(), fetchUser(), retrieveOrder() (pick one verb)",
                    "- Mixing: customerAddress, clientName (Customer vs Client)",
                    "- Mixing: userList, accountArray (inconsistent collection naming)",
                    "- Hungarian: strName, intAge, boolActive (type in name)",
                    "",
                    "Inconsistency Indicators (REFACTOR):",
                    "- Multiple verbs for same operation (get/fetch/retrieve)",
                    "- Multiple nouns for same concept (user/account/member)",
                    "- Different patterns for similar entities",
                    "- Type prefixes (str, int, arr, obj)",
                    "",
                    "Establish conventions:",
                    "- get* for simple retrieval",
                    "- fetch* for async/network retrieval (or use get consistently)",
                    "- find* for queries that may not find",
                    "- create/update/delete for mutations",
                    "- is/has/can for boolean checks"
                  ]
                }
              }
            ],
            "scanner": "agile_bot.bots.base_bot.src.scanners.consistent_naming_scanner.ConsistentNamingScanner"
          },
          "scanner_status": {
            "status": "EXECUTED",
            "scanner_path": "agile_bot.bots.base_bot.src.scanners.consistent_naming_scanner.ConsistentNamingScanner",
            "execution_status": "EXECUTION_SUCCESS",
            "violations_found": 0
          },
          "scanner_results": {
            "file_by_file": {
              "violations": []
            },
            "cross_file": {
              "violations": []
            }
          }
        },
        {
          "rule_file": "use_domain_language.json",
          "rule_content": {
            "description": "CRITICAL: Code must use domain-specific language, not generic terms. NEVER use Dict[str, Any], List[str], or generic 'data'/'config'/'parameters' - use typed domain objects. Objects should expose properties representing what they contain (e.g., recommended_trades), not methods that 'generate' or 'calculate' things.",
            "scanner": "agile_bot.bots.base_bot.src.scanners.domain_language_code_scanner.DomainLanguageCodeScanner",
            "examples": [
              {
                "do": {
                  "description": "Use domain-specific language with properties",
                  "content": [
                    "Use domain-specific terms for classes, methods, and variables",
                    "Properties represent what objects contain (recommended_trades)",
                    "Avoid generic terms like 'data', 'config', 'parameter', 'result'",
                    "",
                    "Correct Examples (domain language with properties):",
                    "class RebalanceRecommendation:",
                    "    def __init__(self, portfolio: Portfolio, target: TargetAllocation):",
                    "        self.portfolio = portfolio",
                    "        self.target = target",
                    "",
                    "    @property",
                    "    def recommended_trades(self) -> List[Trade]:",
                    "        # Property represents what the recommendation contains",
                    "        if not hasattr(self, '_recommended_trades'):",
                    "            current_holdings = self.portfolio.holdings.get_many_positions()",
                    "            target_percentages = self.target.asset_classes.percentages",
                    "            self._recommended_trades = self._calculate_trades(",
                    "                current_holdings, target_percentages",
                    "            )",
                    "        return self._recommended_trades"
                  ]
                },
                "dont": {
                  "description": "Don't use generic terms or generate/calculate methods",
                  "content": [
                    "Don't use generic terms like 'data', 'config', 'parameter', 'result' without domain context",
                    "Don't use method names like 'generate' or 'calculate' when a property would better represent the domain concept",
                    "",
                    "Wrong Examples (generic terms):",
                    "class RebalanceRecommendation:",
                    "    def generate(self, portfolio_data: dict, target_config: dict):",
                    "        # Generic 'data' and 'config' terms",
                    "        holdings = portfolio_data['holdings']",
                    "        percentages = target_config['percentages']",
                    "        return self._calculate_trades(holdings, percentages)",
                    "",
                    "Generic Term Indicators (REFACTOR):",
                    "- Variables/parameters using 'data', 'config', 'parameter', 'result' without domain context",
                    "- Methods starting with 'generate', 'calculate' when property would be better",
                    "- Classes/types that are generic without domain meaning"
                  ]
                }
              }
            ]
          },
          "scanner_status": {
            "status": "EXECUTED",
            "scanner_path": "agile_bot.bots.base_bot.src.scanners.domain_language_code_scanner.DomainLanguageCodeScanner",
            "execution_status": "EXECUTION_SUCCESS",
            "violations_found": 35
          },
          "scanner_results": {
            "file_by_file": {
              "violations": [
                {
                  "rule": "use_domain_language",
                  "rule_file": "use_domain_language.json",
                  "violation_message": "Class \"APIResponse\" doesn't match domain terms. Use domain-specific language from specification: action, agent, behavior, bot, call, calls, catalog, class, classes, config...",
                  "severity": "info",
                  "line_number": 19,
                  "location": "C:\\dev\\augmented-teams\\agile_bot\\bots\\base_bot\\src\\repl_cli\\headless\\cursor_api.py"
                },
                {
                  "rule": "use_domain_language",
                  "rule_file": "use_domain_language.json",
                  "violation_message": "Class \"CursorHeadlessAPI\" doesn't match domain terms. Use domain-specific language from specification: action, agent, behavior, bot, call, calls, catalog, class, classes, config...",
                  "severity": "info",
                  "line_number": 30,
                  "location": "C:\\dev\\augmented-teams\\agile_bot\\bots\\base_bot\\src\\repl_cli\\headless\\cursor_api.py"
                },
                {
                  "rule": "use_domain_language",
                  "rule_file": "use_domain_language.json",
                  "violation_message": "Function \"__init__\" doesn't match domain terms. Use domain-specific language from specification: action, agent, behavior, bot, call, calls, catalog, class, classes, config...",
                  "severity": "info",
                  "line_number": 37,
                  "location": "C:\\dev\\augmented-teams\\agile_bot\\bots\\base_bot\\src\\repl_cli\\headless\\cursor_api.py"
                },
                {
                  "rule": "use_domain_language",
                  "rule_file": "use_domain_language.json",
                  "violation_message": "Function \"__init__\" uses parameter name \"api_key\" that doesn't match domain terms. Use domain-specific language: action, agent, behavior, bot, call, calls, catalog, class, classes, config...",
                  "severity": "info",
                  "line_number": 37,
                  "location": "C:\\dev\\augmented-teams\\agile_bot\\bots\\base_bot\\src\\repl_cli\\headless\\cursor_api.py"
                },
                {
                  "rule": "use_domain_language",
                  "rule_file": "use_domain_language.json",
                  "violation_message": "Function \"__init__\" uses parameter name \"model\" that doesn't match domain terms. Use domain-specific language: action, agent, behavior, bot, call, calls, catalog, class, classes, config...",
                  "severity": "info",
                  "line_number": 37,
                  "location": "C:\\dev\\augmented-teams\\agile_bot\\bots\\base_bot\\src\\repl_cli\\headless\\cursor_api.py"
                },
                {
                  "rule": "use_domain_language",
                  "rule_file": "use_domain_language.json",
                  "violation_message": "Function \"__init__\" uses parameter name \"timeout\" that doesn't match domain terms. Use domain-specific language: action, agent, behavior, bot, call, calls, catalog, class, classes, config...",
                  "severity": "info",
                  "line_number": 37,
                  "location": "C:\\dev\\augmented-teams\\agile_bot\\bots\\base_bot\\src\\repl_cli\\headless\\cursor_api.py"
                },
                {
                  "rule": "use_domain_language",
                  "rule_file": "use_domain_language.json",
                  "violation_message": "Function \"__init__\" uses parameter name \"stream\" that doesn't match domain terms. Use domain-specific language: action, agent, behavior, bot, call, calls, catalog, class, classes, config...",
                  "severity": "info",
                  "line_number": 37,
                  "location": "C:\\dev\\augmented-teams\\agile_bot\\bots\\base_bot\\src\\repl_cli\\headless\\cursor_api.py"
                },
                {
                  "rule": "use_domain_language",
                  "rule_file": "use_domain_language.json",
                  "violation_message": "Function \"session_id\" doesn't match domain terms. Use domain-specific language from specification: action, agent, behavior, bot, call, calls, catalog, class, classes, config...",
                  "severity": "info",
                  "line_number": 49,
                  "location": "C:\\dev\\augmented-teams\\agile_bot\\bots\\base_bot\\src\\repl_cli\\headless\\cursor_api.py"
                },
                {
                  "rule": "use_domain_language",
                  "rule_file": "use_domain_language.json",
                  "violation_message": "Function \"chat_id\" doesn't match domain terms. Use domain-specific language from specification: action, agent, behavior, bot, call, calls, catalog, class, classes, config...",
                  "severity": "info",
                  "line_number": 53,
                  "location": "C:\\dev\\augmented-teams\\agile_bot\\bots\\base_bot\\src\\repl_cli\\headless\\cursor_api.py"
                },
                {
                  "rule": "use_domain_language",
                  "rule_file": "use_domain_language.json",
                  "violation_message": "Function \"starts_session\" doesn't match domain terms. Use domain-specific language from specification: action, agent, behavior, bot, call, calls, catalog, class, classes, config...",
                  "severity": "info",
                  "line_number": 57,
                  "location": "C:\\dev\\augmented-teams\\agile_bot\\bots\\base_bot\\src\\repl_cli\\headless\\cursor_api.py"
                },
                {
                  "rule": "use_domain_language",
                  "rule_file": "use_domain_language.json",
                  "violation_message": "Function \"starts_session\" uses parameter name \"instructions\" that doesn't match domain terms. Use domain-specific language: action, agent, behavior, bot, call, calls, catalog, class, classes, config...",
                  "severity": "info",
                  "line_number": 57,
                  "location": "C:\\dev\\augmented-teams\\agile_bot\\bots\\base_bot\\src\\repl_cli\\headless\\cursor_api.py"
                },
                {
                  "rule": "use_domain_language",
                  "rule_file": "use_domain_language.json",
                  "violation_message": "Function \"resumes_session\" doesn't match domain terms. Use domain-specific language from specification: action, agent, behavior, bot, call, calls, catalog, class, classes, config...",
                  "severity": "info",
                  "line_number": 108,
                  "location": "C:\\dev\\augmented-teams\\agile_bot\\bots\\base_bot\\src\\repl_cli\\headless\\cursor_api.py"
                },
                {
                  "rule": "use_domain_language",
                  "rule_file": "use_domain_language.json",
                  "violation_message": "Function \"resumes_session\" uses parameter name \"prompt\" that doesn't match domain terms. Use domain-specific language: action, agent, behavior, bot, call, calls, catalog, class, classes, config...",
                  "severity": "info",
                  "line_number": 108,
                  "location": "C:\\dev\\augmented-teams\\agile_bot\\bots\\base_bot\\src\\repl_cli\\headless\\cursor_api.py"
                },
                {
                  "rule": "use_domain_language",
                  "rule_file": "use_domain_language.json",
                  "violation_message": "Function \"_run_with_streaming\" doesn't match domain terms. Use domain-specific language from specification: action, agent, behavior, bot, call, calls, catalog, class, classes, config...",
                  "severity": "info",
                  "line_number": 129,
                  "location": "C:\\dev\\augmented-teams\\agile_bot\\bots\\base_bot\\src\\repl_cli\\headless\\cursor_api.py"
                },
                {
                  "rule": "use_domain_language",
                  "rule_file": "use_domain_language.json",
                  "violation_message": "Function \"_run_with_streaming\" uses parameter name \"cmd\" that doesn't match domain terms. Use domain-specific language: action, agent, behavior, bot, call, calls, catalog, class, classes, config...",
                  "severity": "info",
                  "line_number": 129,
                  "location": "C:\\dev\\augmented-teams\\agile_bot\\bots\\base_bot\\src\\repl_cli\\headless\\cursor_api.py"
                },
                {
                  "rule": "use_domain_language",
                  "rule_file": "use_domain_language.json",
                  "violation_message": "Function \"_run_with_streaming\" uses parameter name \"timeout\" that doesn't match domain terms. Use domain-specific language: action, agent, behavior, bot, call, calls, catalog, class, classes, config...",
                  "severity": "info",
                  "line_number": 129,
                  "location": "C:\\dev\\augmented-teams\\agile_bot\\bots\\base_bot\\src\\repl_cli\\headless\\cursor_api.py"
                },
                {
                  "rule": "use_domain_language",
                  "rule_file": "use_domain_language.json",
                  "violation_message": "Function \"_print_cleaned_stream_line\" doesn't match domain terms. Use domain-specific language from specification: action, agent, behavior, bot, call, calls, catalog, class, classes, config...",
                  "severity": "info",
                  "line_number": 193,
                  "location": "C:\\dev\\augmented-teams\\agile_bot\\bots\\base_bot\\src\\repl_cli\\headless\\cursor_api.py"
                },
                {
                  "rule": "use_domain_language",
                  "rule_file": "use_domain_language.json",
                  "violation_message": "Function \"_print_cleaned_stream_line\" uses parameter name \"line\" that doesn't match domain terms. Use domain-specific language: action, agent, behavior, bot, call, calls, catalog, class, classes, config...",
                  "severity": "info",
                  "line_number": 193,
                  "location": "C:\\dev\\augmented-teams\\agile_bot\\bots\\base_bot\\src\\repl_cli\\headless\\cursor_api.py"
                },
                {
                  "rule": "use_domain_language",
                  "rule_file": "use_domain_language.json",
                  "violation_message": "Function \"_run_cursor_agent\" uses parameter name \"prompt\" that doesn't match domain terms. Use domain-specific language: action, agent, behavior, bot, call, calls, catalog, class, classes, config...",
                  "severity": "info",
                  "line_number": 269,
                  "location": "C:\\dev\\augmented-teams\\agile_bot\\bots\\base_bot\\src\\repl_cli\\headless\\cursor_api.py"
                },
                {
                  "rule": "use_domain_language",
                  "rule_file": "use_domain_language.json",
                  "violation_message": "Function \"_run_cursor_agent\" uses parameter name \"timeout\" that doesn't match domain terms. Use domain-specific language: action, agent, behavior, bot, call, calls, catalog, class, classes, config...",
                  "severity": "info",
                  "line_number": 269,
                  "location": "C:\\dev\\augmented-teams\\agile_bot\\bots\\base_bot\\src\\repl_cli\\headless\\cursor_api.py"
                },
                {
                  "rule": "use_domain_language",
                  "rule_file": "use_domain_language.json",
                  "violation_message": "Function \"_run_cursor_agent\" uses parameter name \"resume_chat_id\" that doesn't match domain terms. Use domain-specific language: action, agent, behavior, bot, call, calls, catalog, class, classes, config...",
                  "severity": "info",
                  "line_number": 269,
                  "location": "C:\\dev\\augmented-teams\\agile_bot\\bots\\base_bot\\src\\repl_cli\\headless\\cursor_api.py"
                },
                {
                  "rule": "use_domain_language",
                  "rule_file": "use_domain_language.json",
                  "violation_message": "Function \"_run_via_wsl\" doesn't match domain terms. Use domain-specific language from specification: action, agent, behavior, bot, call, calls, catalog, class, classes, config...",
                  "severity": "info",
                  "line_number": 285,
                  "location": "C:\\dev\\augmented-teams\\agile_bot\\bots\\base_bot\\src\\repl_cli\\headless\\cursor_api.py"
                },
                {
                  "rule": "use_domain_language",
                  "rule_file": "use_domain_language.json",
                  "violation_message": "Function \"_run_via_wsl\" uses parameter name \"prompt\" that doesn't match domain terms. Use domain-specific language: action, agent, behavior, bot, call, calls, catalog, class, classes, config...",
                  "severity": "info",
                  "line_number": 285,
                  "location": "C:\\dev\\augmented-teams\\agile_bot\\bots\\base_bot\\src\\repl_cli\\headless\\cursor_api.py"
                },
                {
                  "rule": "use_domain_language",
                  "rule_file": "use_domain_language.json",
                  "violation_message": "Function \"_run_via_wsl\" uses parameter name \"timeout\" that doesn't match domain terms. Use domain-specific language: action, agent, behavior, bot, call, calls, catalog, class, classes, config...",
                  "severity": "info",
                  "line_number": 285,
                  "location": "C:\\dev\\augmented-teams\\agile_bot\\bots\\base_bot\\src\\repl_cli\\headless\\cursor_api.py"
                },
                {
                  "rule": "use_domain_language",
                  "rule_file": "use_domain_language.json",
                  "violation_message": "Function \"_run_via_wsl\" uses parameter name \"resume_chat_id\" that doesn't match domain terms. Use domain-specific language: action, agent, behavior, bot, call, calls, catalog, class, classes, config...",
                  "severity": "info",
                  "line_number": 285,
                  "location": "C:\\dev\\augmented-teams\\agile_bot\\bots\\base_bot\\src\\repl_cli\\headless\\cursor_api.py"
                },
                {
                  "rule": "use_domain_language",
                  "rule_file": "use_domain_language.json",
                  "violation_message": "Function \"_run_directly\" doesn't match domain terms. Use domain-specific language from specification: action, agent, behavior, bot, call, calls, catalog, class, classes, config...",
                  "severity": "info",
                  "line_number": 362,
                  "location": "C:\\dev\\augmented-teams\\agile_bot\\bots\\base_bot\\src\\repl_cli\\headless\\cursor_api.py"
                },
                {
                  "rule": "use_domain_language",
                  "rule_file": "use_domain_language.json",
                  "violation_message": "Function \"_run_directly\" uses parameter name \"prompt\" that doesn't match domain terms. Use domain-specific language: action, agent, behavior, bot, call, calls, catalog, class, classes, config...",
                  "severity": "info",
                  "line_number": 362,
                  "location": "C:\\dev\\augmented-teams\\agile_bot\\bots\\base_bot\\src\\repl_cli\\headless\\cursor_api.py"
                },
                {
                  "rule": "use_domain_language",
                  "rule_file": "use_domain_language.json",
                  "violation_message": "Function \"_run_directly\" uses parameter name \"timeout\" that doesn't match domain terms. Use domain-specific language: action, agent, behavior, bot, call, calls, catalog, class, classes, config...",
                  "severity": "info",
                  "line_number": 362,
                  "location": "C:\\dev\\augmented-teams\\agile_bot\\bots\\base_bot\\src\\repl_cli\\headless\\cursor_api.py"
                },
                {
                  "rule": "use_domain_language",
                  "rule_file": "use_domain_language.json",
                  "violation_message": "Function \"_run_directly\" uses parameter name \"resume_chat_id\" that doesn't match domain terms. Use domain-specific language: action, agent, behavior, bot, call, calls, catalog, class, classes, config...",
                  "severity": "info",
                  "line_number": 362,
                  "location": "C:\\dev\\augmented-teams\\agile_bot\\bots\\base_bot\\src\\repl_cli\\headless\\cursor_api.py"
                },
                {
                  "rule": "use_domain_language",
                  "rule_file": "use_domain_language.json",
                  "violation_message": "Function \"sends_instruction\" doesn't match domain terms. Use domain-specific language from specification: action, agent, behavior, bot, call, calls, catalog, class, classes, config...",
                  "severity": "info",
                  "line_number": 398,
                  "location": "C:\\dev\\augmented-teams\\agile_bot\\bots\\base_bot\\src\\repl_cli\\headless\\cursor_api.py"
                },
                {
                  "rule": "use_domain_language",
                  "rule_file": "use_domain_language.json",
                  "violation_message": "Function \"sends_instruction\" uses parameter name \"instruction\" that doesn't match domain terms. Use domain-specific language: action, agent, behavior, bot, call, calls, catalog, class, classes, config...",
                  "severity": "info",
                  "line_number": 398,
                  "location": "C:\\dev\\augmented-teams\\agile_bot\\bots\\base_bot\\src\\repl_cli\\headless\\cursor_api.py"
                },
                {
                  "rule": "use_domain_language",
                  "rule_file": "use_domain_language.json",
                  "violation_message": "Function \"polls_session_status\" doesn't match domain terms. Use domain-specific language from specification: action, agent, behavior, bot, call, calls, catalog, class, classes, config...",
                  "severity": "info",
                  "line_number": 416,
                  "location": "C:\\dev\\augmented-teams\\agile_bot\\bots\\base_bot\\src\\repl_cli\\headless\\cursor_api.py"
                },
                {
                  "rule": "use_domain_language",
                  "rule_file": "use_domain_language.json",
                  "violation_message": "Function \"terminates_session\" doesn't match domain terms. Use domain-specific language from specification: action, agent, behavior, bot, call, calls, catalog, class, classes, config...",
                  "severity": "info",
                  "line_number": 433,
                  "location": "C:\\dev\\augmented-teams\\agile_bot\\bots\\base_bot\\src\\repl_cli\\headless\\cursor_api.py"
                },
                {
                  "rule": "use_domain_language",
                  "rule_file": "use_domain_language.json",
                  "violation_message": "Function \"_parse_cursor_output\" doesn't match domain terms. Use domain-specific language from specification: action, agent, behavior, bot, call, calls, catalog, class, classes, config...",
                  "severity": "info",
                  "line_number": 438,
                  "location": "C:\\dev\\augmented-teams\\agile_bot\\bots\\base_bot\\src\\repl_cli\\headless\\cursor_api.py"
                },
                {
                  "rule": "use_domain_language",
                  "rule_file": "use_domain_language.json",
                  "violation_message": "Function \"_parse_cursor_output\" uses parameter name \"output\" that doesn't match domain terms. Use domain-specific language: action, agent, behavior, bot, call, calls, catalog, class, classes, config...",
                  "severity": "info",
                  "line_number": 438,
                  "location": "C:\\dev\\augmented-teams\\agile_bot\\bots\\base_bot\\src\\repl_cli\\headless\\cursor_api.py"
                }
              ]
            },
            "cross_file": {
              "violations": []
            }
          }
        },
        {
          "rule_file": "use_exceptions_properly.json",
          "rule_content": {
            "description": "Prefer exceptions over error codes for exceptional conditions. Use exceptions for truly exceptional situations, provide informative error messages, and create domain-specific exception types.",
            "examples": [
              {
                "do": {
                  "description": "Use exceptions for exceptional situations",
                  "content": [
                    "Use exceptions for truly exceptional situations",
                    "Provide informative error messages with context",
                    "Create domain-specific exception types",
                    "Include relevant data in exception objects",
                    "",
                    "Correct Examples (proper exceptions):",
                    "- throw new InvalidOrderException('Order missing required items', {orderId, items})",
                    "- throw new PaymentFailedException('Payment declined', {transactionId, reason})",
                    "- throw new ResourceNotFoundException('User not found', {userId})",
                    "",
                    "Exception Best Practices:",
                    "- Use for truly exceptional conditions (not normal flow)",
                    "- Provide context: what, why, relevant data",
                    "- Create specific exception types for different failures",
                    "- Include actionable information in message",
                    "- Don't expose sensitive data in messages"
                  ]
                },
                "dont": {
                  "description": "Don't use exceptions for normal control flow or return error codes",
                  "content": [
                    "Don't use exceptions for normal control flow",
                    "Don't swallow exceptions silently",
                    "Don't return error codes from modern APIs",
                    "",
                    "Wrong Examples (misused exceptions):",
                    "- try { user = findUser(); } catch { user = createUser(); } // normal flow",
                    "- catch (e) { } // swallowing exception",
                    "- return -1; // error code instead of exception",
                    "- throw new Error('Error') // uninformative message",
                    "",
                    "Exception Misuse Indicators (REFACTOR):",
                    "- Exceptions for expected conditions (empty array, null result)",
                    "- Empty catch blocks silencing errors",
                    "- Generic Error without specific type",
                    "- Error codes (-1, 0, 1) instead of exceptions",
                    "- Exception messages without context",
                    "",
                    "Instead:",
                    "- Use null/optional for 'not found' (expected)",
                    "- Log and/or rethrow exceptions (never swallow)",
                    "- Create specific exception types",
                    "- Include context in error messages",
                    "- Reserve exceptions for truly exceptional cases"
                  ]
                }
              }
            ],
            "scanner": "agile_bot.bots.base_bot.src.scanners.exception_handling_scanner.ExceptionHandlingScanner"
          },
          "scanner_status": {
            "status": "EXECUTED",
            "scanner_path": "agile_bot.bots.base_bot.src.scanners.exception_handling_scanner.ExceptionHandlingScanner",
            "execution_status": "EXECUTION_SUCCESS",
            "violations_found": 0
          },
          "scanner_results": {
            "file_by_file": {
              "violations": []
            },
            "cross_file": {
              "violations": []
            }
          }
        },
        {
          "rule_file": "use_explicit_dependencies.json",
          "rule_content": {
            "description": "CRITICAL: Make dependencies visible through constructor injection. Pass dependencies through constructors, make all dependencies explicit and visible, and use dependency injection for flexibility.",
            "examples": [
              {
                "do": {
                  "description": "Make dependencies explicit and inject them",
                  "content": [
                    "Pass dependencies through constructors",
                    "Make all dependencies explicit and visible",
                    "Use dependency injection for flexibility and testability",
                    "Dependencies visible in constructor signature",
                    "",
                    "Correct Examples (explicit dependencies):",
                    "class OrderService {",
                    "  constructor(",
                    "    private repository: OrderRepository,",
                    "    private emailService: EmailService,",
                    "    private logger: Logger",
                    "  ) {}",
                    "  ",
                    "  processOrder(order) {",
                    "    this.repository.save(order);",
                    "    this.emailService.sendConfirmation(order);",
                    "  }",
                    "}",
                    "",
                    "Explicit Dependency Benefits:",
                    "- Clear what class needs to function",
                    "- Easy to test (inject mocks)",
                    "- No hidden global dependencies",
                    "- Flexible (can swap implementations)",
                    "- Dependencies visible in constructor"
                  ]
                },
                "dont": {
                  "description": "Don't use hidden global state or create dependencies inside classes",
                  "content": [
                    "Don't use hidden global state",
                    "Don't create dependencies inside classes (new Database())",
                    "Don't access singletons directly",
                    "",
                    "Wrong Examples (hidden dependencies):",
                    "class OrderService {",
                    "  processOrder(order) {",
                    "    Database.save(order);           // hidden singleton dependency",
                    "    EmailService.send(order);       // hidden singleton dependency",
                    "    globalLogger.log('processed');  // hidden global dependency",
                    "  }",
                    "}",
                    "",
                    "Hidden Dependency Indicators (REFACTOR):",
                    "- Using global variables/singletons directly",
                    "- Creating dependencies with 'new' inside class",
                    "- Importing modules for side effects",
                    "- Static method calls to external services",
                    "- No constructor parameters despite external dependencies",
                    "",
                    "Refactoring to Explicit Dependencies:",
                    "- Move all 'new' calls out of class",
                    "- Pass dependencies through constructor",
                    "- Replace singleton access with injected interface",
                    "- Make every external dependency a constructor parameter",
                    "- Use dependency injection container for wiring"
                  ]
                }
              }
            ],
            "scanner": "agile_bot.bots.base_bot.src.scanners.explicit_dependencies_scanner.ExplicitDependenciesScanner"
          },
          "scanner_status": {
            "status": "EXECUTED",
            "scanner_path": "agile_bot.bots.base_bot.src.scanners.explicit_dependencies_scanner.ExplicitDependenciesScanner",
            "execution_status": "EXECUTION_SUCCESS",
            "violations_found": 0
          },
          "scanner_results": {
            "file_by_file": {
              "violations": []
            },
            "cross_file": {
              "violations": []
            }
          }
        },
        {
          "rule_file": "use_natural_english.json",
          "rule_content": {
            "description": "CRITICAL: Code must use natural English for method names, variable names, and relationships. Use 'many' for collections, 'may' for optional, 'will' for required. Don't use technical notation or abbreviations.",
            "scanner": "agile_bot.bots.base_bot.src.scanners.natural_english_code_scanner.NaturalEnglishCodeScanner",
            "examples": [
              {
                "do": {
                  "description": "Use natural English in code",
                  "content": [
                    "Use descriptive method names in natural English",
                    "Use 'many' for collections (get_many_positions)",
                    "Use 'may' for optional (may_find_position)",
                    "Use 'will' for required (will_create_portfolio)",
                    "",
                    "Correct Examples (natural English):",
                    "class WealthAdvisor:",
                    "    def create_portfolio(self, client: Client, strategy: InvestmentStrategy) -> Portfolio:",
                    "        # 'Create' - required action",
                    "        pass",
                    "",
                    "    def get_portfolio(self) -> Optional[Portfolio]:",
                    "        # 'Get' - may return None, but method name doesn't need 'may'",
                    "        return self._portfolio",
                    "",
                    "    def may_update_portfolio(self, portfolio: Portfolio) -> bool:",
                    "        # 'May' - optional action",
                    "        return self._can_update(portfolio)",
                    "",
                    "    def get_many_clients(self) -> List[Client]:",
                    "        # 'Get many' - accessing collection",
                    "        return self._clients",
                    "",
                    "class Holdings:",
                    "    def get_many_positions(self) -> List[Position]:",
                    "        # 'Get many' - accessing collection",
                    "        return self._positions",
                    "",
                    "    def may_find_position(self, symbol: str) -> Optional[Position]:",
                    "        # 'May find' - optional, may not exist",
                    "        return self._positions.get(symbol)"
                  ]
                },
                "dont": {
                  "description": "Don't use technical notation or abbreviations",
                  "content": [
                    "Don't use abbreviations or technical notation",
                    "Don't use cryptic names",
                    "",
                    "Wrong Examples (technical notation):",
                    "class WealthAdvisor:",
                    "    def get_portfolio_0_1(self) -> Optional[Portfolio]:",
                    "        # Technical notation in name",
                    "        pass",
                    "",
                    "    def get_clients_1_star(self) -> List[Client]:",
                    "        # Technical notation",
                    "        pass",
                    "",
                    "    def update_portfolio_optional(self, portfolio: Portfolio):",
                    "        # 'optional' suffix instead of 'may'",
                    "        pass",
                    "",
                    "Technical Notation Indicators (REFACTOR):",
                    "- Method names with '0_1', '1_star', 'optional', 'nullable'",
                    "- Abbreviations instead of full words",
                    "- Cryptic names that require domain knowledge to understand"
                  ]
                }
              }
            ]
          },
          "scanner_status": {
            "status": "EXECUTED",
            "scanner_path": "agile_bot.bots.base_bot.src.scanners.natural_english_code_scanner.NaturalEnglishCodeScanner",
            "execution_status": "EXECUTION_SUCCESS",
            "violations_found": 0
          },
          "scanner_results": {
            "file_by_file": {
              "violations": []
            },
            "cross_file": {
              "violations": []
            }
          }
        },
        {
          "rule_file": "use_resource_oriented_design.json",
          "rule_content": {
            "description": "CRITICAL: Code must use resource-oriented, object-oriented design. Use object-oriented classes (singular or collection) with responsibilities that encapsulate logic over manager/doer/loader patterns. Maximize encapsulation through collaborator relationships.",
            "scanner": "agile_bot.bots.base_bot.src.scanners.resource_oriented_code_scanner.ResourceOrientedCodeScanner",
            "examples": [
              {
                "do": {
                  "description": "Use resource-oriented classes",
                  "content": [
                    "Create object-oriented classes (singular or collection)",
                    "Encapsulate logic in classes, not separate manager classes",
                    "Use collection classes (Behaviors, Rules, Holdings) instead of managers",
                    "",
                    "Correct Examples (resource-oriented):",
                    "class Portfolio:",
                    "    def __init__(self, account_id: AccountId, risk_tolerance: RiskTolerance):",
                    "        self.account_id = account_id",
                    "        self.risk_tolerance = risk_tolerance",
                    "",
                    "    @property",
                    "    def holdings(self) -> Holdings:",
                    "        if not hasattr(self, '_holdings'):",
                    "            self._holdings = Holdings(self)",
                    "        return self._holdings",
                    "",
                    "class Holdings:",
                    "    def __init__(self, portfolio: Portfolio):",
                    "        self._portfolio = portfolio",
                    "        self._positions = []",
                    "",
                    "    def get_many_positions(self) -> List[Position]:",
                    "        return list(self._positions)"
                  ]
                },
                "dont": {
                  "description": "Don't create manager/doer/loader classes",
                  "content": [
                    "Don't create classes ending in 'Manager', 'Loader', 'Handler', 'Doer'",
                    "Don't separate loading logic from domain concepts",
                    "",
                    "Wrong Examples (manager pattern):",
                    "class PortfolioManager:",
                    "    def __init__(self, file_system):",
                    "        self.file_system = file_system",
                    "",
                    "    def get_holdings(self, client_id, account_id):",
                    "        return self._load_holdings(client_id, account_id)",
                    "",
                    "    def calculate_total_value(self, holdings):",
                    "        return sum(h.value for h in holdings)",
                    "",
                    "class HoldingsLoader:",
                    "    def __init__(self, file_system):",
                    "        self.file_system = file_system",
                    "",
                    "    def load_holdings(self, client_id, account_id):",
                    "        pass",
                    "",
                    "Manager Pattern Indicators (REFACTOR):",
                    "- Classes ending in 'Manager', 'Loader', 'Handler', 'Doer'",
                    "- Classes that operate on other domain concepts without being part of them",
                    "- Classes that expose loading/storage mechanisms instead of domain concepts"
                  ]
                }
              }
            ]
          },
          "scanner_status": {
            "status": "EXECUTED",
            "scanner_path": "agile_bot.bots.base_bot.src.scanners.resource_oriented_code_scanner.ResourceOrientedCodeScanner",
            "execution_status": "EXECUTION_SUCCESS",
            "violations_found": 0
          },
          "scanner_results": {
            "file_by_file": {
              "violations": []
            },
            "cross_file": {
              "violations": []
            }
          }
        }
      ],
      "content_to_validate": null,
      "report_path": "C:\\dev\\augmented-teams\\agile_bot\\bots\\base_bot\\docs\\stories\\reports\\code-validation-report-2025-12-30_03-09-17.md",
      "report_link": "[docs\\stories\\reports\\code-validation-report-2025-12-30_03-09-17.md](vscode://file/C:/dev/augmented-teams/agile_bot/bots/base_bot/docs/stories/reports/code-validation-report-2025-12-30_03-09-17.md)"
    }
  }
}



Do NOT ask questions or wait for user input - just complete the work autonomously.

If blocked, report reason clearly.
[2025-12-30 03:09:25] Recoverable error: cursor-agent failed (exit 126): /bin/bash: line 1: /usr/bin/bash: Argument list too long. Attempt 3